Rank,Puzzles,AMT (s),Solved rate,1-sigma Mean (s),1-sigma STD (s),Solution(s)
1,1 1 4 6,4.35,99.3%,4.62,1.44,6*4+1-1 
2,1 1 11 11,4.38,99.6%,4.66,1.41,11+11+1+1 
3,1 1 3 8,4.42,99.3%,4.69,1.47,8*3+1-1 
4,1 1 1 8,4.45,98.8%,4.66,1.25,(1+1+1)*8 
5,6 6 6 6,4.56,99.5%,4.8,1.47,"6+6+6+6, 6*6-6-6 "
6,1 1 2 12,4.61,99.2%,4.93,1.52,"12*2+1-1, 12/(1-1/2) "
7,1 2 2 6,4.77,99.3%,5.12,1.57,"(6+2)*(2+1), 6*2*2*1, (2+2)*6*1 "
8,1 1 10 12,4.79,99%,5.03,1.53,12+10+1+1 
9,1 1 1 12,4.8,99.3%,5.13,1.59,(1+1)*12*1 
10,2 2 10 10,4.81,98.2%,5.12,1.6,"10+10+2+2, 2*2+10+10 "
11,1 1 2 8,4.94,97.8%,5.29,1.73,(2+1)*8*1 
12,1 1 12 12,4.99,99.3%,5.37,1.63,12+12+1-1 
13,2 2 2 12,4.99,99.2%,5.34,1.69,"(2+2)*12/2, (2*2-2)*12, 12*2+2-2 "
14,1 1 3 12,5.01,97.6%,5.36,1.83,(3-1)*12*1 
15,1 1 5 8,5.03,96.6%,5.39,1.83,(5-1-1)*8 
16,1 1 2 6,5.04,98.7%,5.39,1.6,"(1+1)*6*2, (2+1+1)*6 "
17,1 1 4 8,5.04,98.2%,5.4,1.83,"(8+4)*(1+1), (8-1-1)*4, (4-1)*8*1 "
18,4 6 11 11,5.04,99%,5.43,1.75,"6*4+11-11, 11+11+6-4 "
19,1 1 4 12,5.07,97.5%,5.49,1.83,"12*4/(1+1), (4-1-1)*12 "
20,1 1 2 11,5.08,99%,5.42,1.69,"11*2+1+1, (1+1)*11+2, (11+1)*2*1 "
21,3 3 3 8,5.1,98.3%,5.49,1.84,8*3+3-3 
22,1 2 3 4,5.12,99.2%,5.48,1.81,"(3+2+1)*4, 4*3*2*1, (4+2)*(3+1) "
23,1 1 13 13,5.14,99.4%,5.47,1.65,13+13-1-1 
24,11 11 12 12,5.14,98.8%,5.54,1.86,12+12+11-11 
25,1 1 2 13,5.18,98.8%,5.52,1.79,"13*2-1-1, (1+1)*13-2, (13-1)*2*1 "
26,4 6 7 7,5.18,98.7%,5.52,1.8,"7+7+6+4, 6*4+7-7 "
27,1 1 3 6,5.19,98%,5.54,1.78,"(6+1+1)*3, (3+1)*6*1 "
28,1 1 3 9,5.19,97.1%,5.54,1.85,"(9+3)*(1+1), (9-1)*3*1 "
29,1 2 4 12,5.19,97.7%,5.61,1.98,"(12-4)*(2+1), (2+1)*4+12, 12*4*1/2, (4-2)*12*1, 12/(1-2/4) "
30,3 7 7 8,5.19,96.8%,5.55,1.91,8*3+7-7 
31,7 7 12 12,5.19,98.7%,5.59,1.84,"(7+7-12)*12, 12+12+7-7 "
32,1 1 5 6,5.2,97.1%,5.66,2.05,"(5-1)*6*1, (6-1)*5-1 "
33,1 1 11 13,5.22,99.1%,5.64,1.8,13+11+1-1 
34,1 6 6 12,5.24,98.9%,5.56,1.68,"(12+6+6)*1, (6*6-12)*1, (6/6+1)*12 "
35,4 6 13 13,5.24,98.8%,5.65,1.8,"6*4+13-13, 13+13+4-6 "
36,1 1 11 12,5.26,99.4%,5.64,1.74,(12+11+1)*1 
37,4 5 12 12,5.26,97.1%,5.63,1.8,"(12+12)*(5-4), (5-12/4)*12, (12/12+5)*4 "
38,4 4 4 6,5.27,98.2%,5.66,1.96,6*4+4-4 
39,1 1 1 11,5.28,97.6%,5.59,1.65,(11+1)*(1+1) 
40,1 8 8 8,5.29,97.9%,5.63,1.91,(8+8+8)*1 
41,12 12 12 12,5.29,99.4%,5.72,2.03,12+12+12-12 
42,2 7 7 12,5.3,98.9%,5.7,1.9,"12+7+7-2, 12*2+7-7 "
43,2 2 3 8,5.33,98.3%,5.71,1.91,"8*3+2-2, (8+3)*2+2 "
44,11 11 11 12,5.33,95%,5.64,2,"(11+11)*12/11, 11/11+12+11 "
45,2 11 11 12,5.34,97.3%,5.74,2,12*2+11-11 
46,2 9 9 12,5.36,97.6%,5.8,2.02,"12*2+9-9, 12/2+9+9, (9+9)*2-12 "
47,10 10 12 12,5.36,98.7%,5.81,1.92,12+12+10-10 
48,1 1 5 5,5.37,99.2%,5.75,1.83,"(5+1)*(5-1), (5*5-1)*1 "
49,1 5 7 12,5.37,98.4%,5.91,2.09,"(7-5)*12*1, 7*5+1-12, (12+7+5)*1, (12-7)*5-1 "
50,8 8 12 12,5.38,98.6%,5.81,1.93,"12+12+8-8, 12*8/(12-8) "
51,3 8 13 13,5.4,95.1%,5.81,2.12,8*3+13-13 
52,3 8 10 10,5.41,95.7%,5.85,2.19,8*3+10-10 
53,9 9 12 12,5.41,98.4%,5.9,2.11,12+12+9-9 
54,1 6 8 12,5.42,97.1%,5.84,2.05,"(12-8)*6*1, (8-6)*12*1, (12/6+1)*8 "
55,3 3 12 12,5.42,98.8%,5.9,2.04,"12*12/(3+3), 12+12+3-3, (12-12/3)*3 "
56,3 8 11 11,5.42,96.4%,5.77,2.05,"8*3+11-11, (11-3)*(11-8) "
57,11 12 12 12,5.42,98%,5.77,1.87,"12/12+12+11, (12+12)*(12-11) "
58,5 6 12 12,5.43,97.3%,5.79,1.79,"(12+12)*(6-5), (5-12/12)*6 "
59,12 12 13 13,5.43,98.8%,5.85,1.94,13+12+12-13 
60,3 8 9 9,5.44,97%,5.8,1.95,8*3+9-9 
61,5 5 12 12,5.44,98.9%,5.82,1.74,"(12-5-5)*12, 5*5-12/12, 12+12+5-5 "
62,2 5 5 12,5.46,98.8%,5.84,1.93,"12+5+5+2, 12*2+5-5 "
63,1 1 12 13,5.47,98.8%,5.86,1.84,(13+12-1)*1 
64,2 3 3 12,5.47,98.6%,5.95,2.06,"12*2+3-3, (3+3)*2+12 "
65,1 1 4 5,5.48,97.9%,5.84,2.01,"(4+1)*5-1, (5+1)*4*1 "
66,1 9 9 12,5.48,95.8%,5.78,1.8,"(9-1)*(12-9), (9/9+1)*12 "
67,3 4 4 8,5.49,98.4%,5.95,2,"4*3+8+4, 8*3+4-4, (8-3)*4+4, (4*4-8)*3 "
68,1 1 3 7,5.5,97.2%,5.83,1.93,"(7-1)*(3+1), (7+1)*3*1 "
69,1 4 10 10,5.5,97.9%,5.91,2.06,"(10+10+4)*1, 10*10/4-1 "
70,2 12 13 13,5.5,97.3%,5.85,2.03,12*2+13-13 
71,7 7 11 12,5.5,93.9%,5.85,2.14,"7/7+12+11, (12-7)*7-11 "
72,2 2 4 6,5.51,99.1%,5.9,1.88,"6*4+2-2, (4+2)*(6-2), (6+4+2)*2, (4-2)*6*2, (4/2+2)*6 "
73,4 4 12 12,5.51,98.7%,5.95,2.02,"12+12+4-4, (12-4)*12/4 "
74,1 3 5 12,5.52,96.7%,5.91,2.15,"(5+1)*12/3, (12+1-5)*3, (5-1)*3+12, (5-3)*12*1 "
75,5 5 11 12,5.53,96.5%,5.89,1.9,"5*5+11-12, 5/5+12+11, (12-5)*5-11 "
76,1 2 5 8,5.54,96%,5.97,2.23,"(5+1)*8/2, (8+5-1)*2, (8-2)*(5-1), (5-2)*8*1 "
77,1 1 1 13,5.57,97.5%,5.9,1.77,(13-1)*(1+1) 
78,11 11 11 13,5.57,98.4%,6.1,2.22,13+11+11-11 
79,3 5 5 8,5.58,97.1%,5.96,2.06,"(5+3)*(8-5), 8*3+5-5 "
80,1 4 7 12,5.59,98.4%,6.03,2.05,"12+7+4+1, (7-4-1)*12, (7+1)*12/4, (12+1-7)*4 "
81,1 6 7 12,5.59,98.7%,6.04,2.02,"12+7+6-1, (7+1-6)*12, (12-7-1)*6, (7-1)*6-12 "
82,2 3 12 12,5.59,97.4%,5.97,1.95,"12*12/3/2, (12+12)*(3-2), (12*3+12)/2, (12/3-2)*12 "
83,1 3 4 12,5.6,98.6%,6.01,1.95,"(12-4)*3*1, (4+1-3)*12, 12*4/(3-1), (4*3+12)*1 "
84,1 3 10 10,5.6,97.6%,5.92,2.02,10+10+3+1 
85,1 3 3 4,5.61,97.6%,5.87,1.78,"(4+3+1)*3, (3-1)*4*3, (3+3)*4*1 "
86,1 8 9 12,5.61,96.5%,5.95,2,"(12-9)*8*1, (9+1-8)*12, 8/(12/9-1) "
87,2 3 3 8,5.61,97.1%,5.99,1.96,"(3*2-3)*8, (3-2)*8*3, (3+3)*8/2, (3/3+2)*8 "
88,9 9 11 12,5.61,94.3%,5.98,2.14,"9/9+12+11, (12-9)*11-9 "
89,4 5 5 6,5.62,97.6%,6.05,2.1,6*4+5-5 
90,4 6 6 6,5.62,98.5%,6,2.02,"6*4+6-6, (6+6)*(6-4) "
91,1 1 4 7,5.63,97.3%,5.95,2.07,"(7-1)*4*1, (7+1)*(4-1) "
92,1 8 8 12,5.64,96.5%,5.97,1.93,"(12-8-1)*8, (8/8+1)*12, 8/(1-8/12) "
93,8 8 11 13,5.64,97.2%,6.16,2.29,"13+11+8-8, (13-11)*8+8 "
94,3 7 8 8,5.65,96.4%,6.05,2.06,"(7-3)*8-8, (8-7)*8*3, (8/8+7)*3 "
95,6 7 12 12,5.65,95.8%,6,2.04,(12+12)*(7-6) 
96,2 7 7 8,5.66,97%,6.03,2.05,"8+7+7+2, (7/7+2)*8 "
97,5 5 7 7,5.66,97.9%,6.02,1.94,"7+7+5+5, 7*7-5*5, 5*5-7/7, (7+5)*(7-5) "
98,2 2 2 3,5.68,99%,5.95,1.7,"(2+2)*3*2, 3*2*2*2 "
99,3 3 4 6,5.68,97.8%,6.11,2.08,6*4+3-3 
100,3 3 11 12,5.69,94.8%,6.14,2.25,"(11-3*3)*12, 3/3+12+11, 11*3+3-12 "
101,4 5 11 12,5.69,97.5%,6.11,2.11,"(11-5-4)*12, 12+11+5-4, (12+5-11)*4 "
102,1 1 2 10,5.7,95.8%,6,1.83,"(10+2)*(1+1), (10+1+1)*2 "
103,1 7 9 12,5.7,96.3%,6.11,2.22,"(7+1)*(12-9), (9-7)*12*1 "
104,1 6 9 12,5.71,95.6%,6.07,2.09,"(9-6-1)*12, (12+1-9)*6, 12/(9/6-1), 6/(1-9/12) "
105,1 1 10 13,5.74,98%,6.15,2.18,(13+10+1)*1 
106,1 2 5 12,5.74,95.4%,6.16,2.21,"(5-2-1)*12, (5+1)*2+12, (5-1)*12/2 "
107,4 4 11 13,5.74,98%,6.32,2.37,"13+11+4-4, (13+4-11)*4 "
108,1 2 2 12,5.75,97.9%,6.13,2,"(2-1)*12*2, (12+1)*2-2, (12-1)*2+2, (2/2+1)*12 "
109,3 6 11 11,5.75,94.6%,6.07,2.12,"6/3+11+11, (11/11+3)*6 "
110,6 6 12 12,5.75,98.4%,6.29,2.32,"12+12+6-6, (12-6)*6-12 "
111,7 8 12 12,5.75,96.1%,6.17,2.16,(12+12)*(8-7) 
112,3 7 7 7,5.77,97.7%,6.12,2.05,"7+7+7+3, (7/7+7)*3 "
113,1 2 2 10,5.78,96.5%,6.16,2.2,"(10-2)*(2+1), (10+2)*2*1, (10+1)*2+2 "
114,1 6 6 11,5.78,98.3%,6.25,2.24,"11+6+6+1, (11-6-1)*6, 6*6-11-1 "
115,1 7 7 10,5.78,98%,6.19,2.11,"(7+1)*(10-7), (10+7+7)*1 "
116,2 2 3 12,5.78,98.2%,6.21,2.05,"(2+2)*3+12, (12-2-2)*3, 3*2*2+12, (12-2*2)*3, (3-2/2)*12, (3-2)*12*2, 12/(2-3/2), (12/2+2)*3 "
117,4 8 11 11,5.78,95.3%,6.11,2.02,"8/4+11+11, (4-11/11)*8 "
118,2 2 12 12,5.79,98.6%,6.27,2.23,"12+12+2-2, (12*2-12)*2 "
119,1 5 6 12,5.8,98.6%,6.19,2.07,"12+6+5+1, (5+1)*6-12, (6+1-5)*12, (12-6)*(5-1) "
120,6 6 11 13,5.8,98%,6.31,2.2,"(6+6)*(13-11), 13+11+6-6, (11+6-13)*6 "
121,2 8 9 9,5.81,96.6%,6.24,2.13,"9+9+8-2, (9/9+2)*8 "
122,3 4 4 6,5.82,97.6%,6.17,1.96,"(6-4)*4*3, (4*3-6)*4, (4-3)*6*4, (4+4)*(6-3), (6/3+4)*4, (4/4+3)*6 "
123,3 8 8 8,5.82,97.6%,6.15,2.13,"8*3+8-8, (8*8+8)/3 "
124,4 6 9 9,5.82,96.5%,6.23,2.27,6*4+9-9 
125,12 12 12 13,5.82,97.6%,6.14,1.99,"(12+12)*(13-12), 13+12-12/12 "
126,8 9 12 12,5.85,96.4%,6.32,2.25,"(12+12)*(9-8), (12-8)*9-12, 12*12/9+8 "
127,9 9 11 13,5.85,97%,6.39,2.38,13+11+9-9 
128,11 13 13 13,5.86,98%,6.43,2.4,13+13+11-13 
129,7 7 11 13,5.88,97.7%,6.43,2.36,"13+11+7-7, (13-7)*(11-7) "
130,5 6 11 12,5.89,97.3%,6.4,2.26,"12+11+6-5, (11+5-12)*6, (11-5)*6-12 "
131,1 5 8 8,5.9,95%,6.49,2.71,"(5-1)*8-8, (8-5)*8*1 "
132,3 8 12 13,5.9,96.2%,6.26,2.2,"(13-8-3)*12, (13-12)*8*3, (13+3)*12/8 "
133,4 6 6 7,5.9,96.5%,6.28,2.13,"(7-6)*6*4, (7-4)*6+6, (7-6/6)*4 "
134,2 10 10 12,5.91,97.2%,6.32,2.32,"(10+2)*(12-10), 12*2+10-10 "
135,4 4 11 12,5.91,92%,6.22,2.48,4/4+12+11 
136,4 5 12 13,5.91,97.8%,6.43,2.14,"13+12+4-5, (13-5)*12/4, (13+5-12)*4 "
137,1 4 8 12,5.92,97.7%,6.33,2.23,"12*8*1/4, (8+1)*4-12, (12+8+4)*1, 12/(1-4/8) "
138,2 4 4 12,5.92,98.5%,6.29,2.15,"(12-4-2)*4, 4*2+12+4, 12*4/(4-2), (4-4/2)*12, 12*2+4-4 "
139,1 4 4 12,5.93,95.8%,6.39,2.35,"(12-4)*(4-1), (4-1)*4+12, (4/4+1)*12 "
140,1 3 6 12,5.94,96.9%,6.35,2.22,"(12-6)*(3+1), (6-3-1)*12, 12*6*1/3, (3-1)*6+12, 12/(1-3/6) "
141,1 4 6 12,5.95,96.7%,6.45,2.56,"(12-6)*4*1, 12*6/(4-1), (6-4)*12*1, 12/(6/4-1), (12/4+1)*6 "
142,1 4 5 12,5.96,95.8%,6.41,2.36,"(5+1-4)*12, (12-5-1)*4 "
143,1 8 10 12,5.96,95.9%,6.27,2.19,"(12+1-10)*8, (10-8)*12*1 "
144,4 6 8 8,5.96,97%,6.41,2.28,"6*4+8-8, (6-4)*8+8, (8+8)*6/4, (8+4)*(8-6) "
145,1 12 13 13,5.97,94.6%,6.32,2.21,(13/13+1)*12 
146,2 4 11 11,5.97,96.4%,6.38,2.35,"11+11+4-2, 4/2+11+11 "
147,3 6 6 8,5.97,97.1%,6.39,2.26,"8*3+6-6, (8-3)*6-6 "
148,3 6 13 13,5.97,94.5%,6.2,2,"13+13-6/3, (13/13+3)*6 "
149,3 4 11 13,5.98,96.6%,6.45,2.36,"(13-11)*4*3, (13+11)*(4-3), 11*3+4-13, 13*3-11-4 "
150,3 8 10 11,5.98,94.5%,6.36,2.39,(11-10)*8*3 
151,9 10 12 12,5.98,95.9%,6.31,2.08,(12+12)*(10-9) 
152,1 11 11 12,5.99,93.8%,6.24,2.22,(11/11+1)*12 
153,3 6 7 7,5.99,93.7%,6.4,2.47,"(7+7-6)*3, (7/7+3)*6 "
154,4 6 10 11,5.99,94.6%,6.37,2.41,(11-10)*6*4 
155,1 1 3 13,6,95.2%,6.37,2.11,(13-1)*(3-1) 
156,4 8 10 10,6.01,97.2%,6.44,2.18,"10+10+8-4, (10-8)*10+4, (4-10/10)*8 "
157,6 6 10 13,6.01,93.9%,6.57,2.76,"6/6+13+10, (13-10)*6+6 "
158,10 10 11 13,6.01,97.5%,6.54,2.34,13+11+10-10 
159,1 2 6 6,6.02,97.6%,6.48,2.25,"(2+1)*6+6, (6+6)*2*1, (6-2)*6*1, (6/2+1)*6 "
160,1 2 4 4,6.03,97.3%,6.37,2.11,"(4+4)*(2+1), (4+2)*4*1, (4-1)*4*2 "
161,1 5 7 11,6.03,98.6%,6.49,2.15,"11+7+5+1, (5+1)*(11-7), (11+1)*(7-5), (7*5-11)*1 "
162,3 7 10 10,6.03,97.3%,6.42,2.21,"10+10+7-3, (10/10+7)*3 "
163,1 2 11 11,6.04,97.4%,6.52,2.42,(11+11+2)*1 
164,1 3 3 12,6.04,95.6%,6.45,2.39,"(3+1)*3+12, (12-3-1)*3, (3/3+1)*12 "
165,1 5 8 12,6.04,98.2%,6.5,2.2,"(5+1)*(12-8), (8-5-1)*12, 12+8+5-1, 12*8/(5-1) "
166,1 6 7 10,6.04,98.6%,6.58,2.25,"10+7+6+1, (10+1-7)*6, (7-1)*(10-6) "
167,4 6 10 10,6.04,96.8%,6.42,2.41,"6*4+10-10, 10*4-10-6, (10-4)*(10-6) "
168,1 10 10 12,6.05,92.7%,6.31,2.16,(10/10+1)*12 
169,2 8 8 12,6.05,97.5%,6.56,2.46,"(8-2)*(12-8), 8/2+12+8, 12*2+8-8 "
170,10 11 12 12,6.05,96.2%,6.36,2.1,"(12+12)*(11-10), (12+10)*12/11 "
171,1 7 8 10,6.06,97.7%,6.49,2.31,"10+8+7-1, (10-7)*8*1 "
172,2 8 10 10,6.06,95.6%,6.39,2.12,"8/2+10+10, (10+2)*(10-8), (10+10-8)*2, (10/10+2)*8 "
173,3 4 12 12,6.06,94.8%,6.54,2.46,"(12+12)*(4-3), (12-3)*4-12 "
174,4 8 13 13,6.06,94.6%,6.35,1.98,"13+13-8/4, (4-13/13)*8 "
175,5 5 5 5,6.06,95.3%,6.53,2.28,5*5-5/5 
176,1 2 10 12,6.07,97.5%,6.59,2.39,(12+10+2)*1 
177,1 3 6 8,6.07,95.8%,6.54,2.59,"(8-3-1)*6, 8*6/(3-1), (6-3)*8*1, (6/3+1)*8 "
178,1 7 8 9,6.07,97.3%,6.52,2.32,"(9+1-7)*8, (9+8+7)*1 "
179,1 2 6 12,6.09,97.1%,6.48,2.29,"12*6/(2+1), (6*2+12)*1, (6/2-1)*12 "
180,2 2 11 13,6.09,98.1%,6.65,2.45,13+11+2-2 
181,5 6 12 13,6.1,97.6%,6.52,2.16,"(13-6-5)*12, 13+12+5-6, (12+5-13)*6 "
182,1 1 4 4,6.11,94.6%,6.4,2.43,(4+1+1)*4 
183,3 8 12 12,6.11,96.8%,6.59,2.51,"8*3+12-12, 12/3+12+8, (12-8)*3+12 "
184,4 5 5 5,6.11,97.7%,6.66,2.44,"5*5+4-5, (5/5+5)*4 "
185,4 7 7 8,6.11,94%,6.6,2.54,"(7+7-8)*4, (4-7/7)*8 "
186,1 6 12 12,6.12,94.4%,6.51,2.45,"12*12*1/6, 12/(1-6/12) "
187,3 3 4 8,6.13,96.5%,6.49,2.17,"(3+3)*(8-4), (4-3/3)*8, (4-3)*8*3 "
188,1 3 9 12,6.16,96.5%,6.59,2.41,"(3+1)*9-12, (12-1)*3-9, (12+9+3)*1, (9/3-1)*12 "
189,1 1 3 4,6.17,98.2%,6.5,2.04,(1+1)*4*3 
190,1 6 8 9,6.17,98.3%,6.63,2.38,"9+8+6+1, (9-6)*8*1, 8/(1-6/9) "
191,3 9 9 9,6.17,97.6%,6.61,2.21,"9+9+9-3, (9*9-9)/3, (9-9/9)*3 "
192,1 2 3 10,6.18,98.4%,6.52,2.01,"10*2+3+1, (10-2)*3*1, (10+3-1)*2, (10+2)*(3-1) "
193,1 2 6 8,6.18,96.2%,6.52,2.35,"(6-2-1)*8, 8*6*1/2, (8+1)*2+6 "
194,2 11 12 12,6.18,95.8%,6.61,2.32,"(12-11)*12*2, (12/12+11)*2 "
195,3 3 3 12,6.18,97.1%,6.71,2.49,"(3+3)*12/3, 3*3+12+3, (3-3/3)*12, (12-3)*3-3 "
196,1 1 6 6,6.19,97.5%,6.61,2.24,"(6+6)*(1+1), (6-1-1)*6 "
197,1 7 7 12,6.19,89.1%,6.32,2.36,(7/7+1)*12 
198,2 2 11 12,6.19,92.7%,6.58,2.56,2/2+12+11 
199,5 5 12 13,6.19,95.6%,6.67,2.17,"5*5+12-13, 13+12-5/5 "
200,1 2 4 8,6.2,96.7%,6.62,2.38,"(8+4)*2*1, (4+1-2)*8, (8-2)*4*1, (4/2+1)*8 "
201,8 8 11 12,6.2,91%,6.61,2.74,8/8+12+11 
202,1 1 9 13,6.22,97.3%,6.67,2.53,13+9+1+1 
203,1 5 7 13,6.22,98%,6.63,2.14,"13+7+5-1, (13-7)*(5-1), (13-1)*(7-5) "
204,1 7 8 8,6.22,96.7%,6.72,2.65,8+8+7+1 
205,3 3 11 13,6.22,97.1%,6.76,2.56,13+11+3-3 
206,3 8 11 12,6.22,94.3%,6.73,2.75,(12-11)*8*3 
207,1 5 5 12,6.23,90%,6.45,2.41,(5/5+1)*12 
208,2 8 13 13,6.23,90.3%,6.57,2.67,(13/13+2)*8 
209,10 13 13 13,6.24,93.6%,6.73,2.89,13/13+13+10 
210,1 2 13 13,6.25,97.3%,6.96,2.69,(13+13-2)*1 
211,2 2 4 5,6.25,98.4%,6.61,2.08,"5*4+2+2, (2+2)*5+4, 5*4+2*2, 5*2*2+4, (2/2+5)*4, (5-2)*4*2 "
212,5 5 11 13,6.25,96.4%,6.91,2.65,13+11+5-5 
213,2 11 11 11,6.26,89.6%,6.36,2.55,(11/11+11)*2 
214,3 3 3 6,6.26,97.8%,6.81,2.61,"6*3+3+3, (3+3)*3+6, (3/3+3)*6, (6+3)*3-3 "
215,5 5 5 6,6.26,96.5%,6.7,2.32,"5*5+5-6, (5-5/5)*6 "
216,1 2 3 8,6.28,97.1%,6.71,2.45,"(2-1)*8*3, (8-2)*(3+1), (8+3+1)*2, 8/(1-2/3) "
217,2 13 13 13,6.28,90.8%,6.46,2.41,(13-13/13)*2 
218,10 10 11 12,6.28,93.6%,6.67,2.39,10/10+12+11 
219,11 12 13 13,6.28,95.4%,6.74,2.47,"13/13+12+11, (13+11)*(13-12) "
220,1 4 7 8,6.29,96.5%,6.83,2.76,"8*4-7-1, (7+1)*4-8, (7-1)*(8-4), (7-4)*8*1 "
221,1 8 10 13,6.29,95%,6.64,2.4,"(13-10)*8*1, (13-1)*(10-8) "
222,2 2 2 8,6.3,96.4%,6.85,2.69,"(8-2)*(2+2), (8+2+2)*2, (8-2)*2*2, (2*2+8)*2, (2/2+2)*8 "
223,3 11 11 12,6.3,91.6%,6.55,2.24,(3-11/11)*12 
224,4 4 5 6,6.3,96%,6.64,2.27,"(5-4/4)*6, (5-4)*6*4 "
225,1 5 10 10,6.31,97.4%,6.69,2.28,10+10+5-1 
226,9 9 12 13,6.31,94.1%,6.67,2.24,"13+12-9/9, (13-9)*9-12 "
227,1 1 5 7,6.32,96.7%,6.67,2.15,"(7+5)*(1+1), (7-1)*(5-1) "
228,1 3 11 11,6.32,97.3%,6.71,2.41,11+11+3-1 
229,1 4 6 8,6.32,95%,6.72,2.59,"(6+1-4)*8, (8-4)*6*1, 8/(1-4/6) "
230,2 3 11 12,6.32,94.9%,6.89,2.85,12+11+3-2 
231,7 7 12 13,6.32,93.9%,6.76,2.42,"7*7-13-12, 13+12-7/7 "
232,1 4 8 8,6.35,96.8%,6.84,2.52,"(8-4-1)*8, (8*4-8)*1, (8/4+1)*8 "
233,1 10 12 12,6.36,96%,6.96,2.92,(12-10)*12*1 
234,3 6 7 8,6.37,97.9%,6.8,2.29,"8+7+6+3, (8+3-7)*6, (7-6)*8*3 "
235,2 7 8 12,6.38,95.3%,6.84,2.59,"(12-7-2)*8, (8-7)*12*2 "
236,6 7 11 12,6.38,96.9%,6.91,2.6,"(7+6-11)*12, 12+11+7-6, (12-6)*(11-7) "
237,1 2 10 11,6.39,97.6%,6.73,2.38,11+10+2+1 
238,1 2 3 12,6.4,96.4%,6.93,2.59,"(3+1-2)*12, (3+1)*12/2, 12/(3/2-1) "
239,1 2 12 12,6.4,96.3%,6.73,2.19,"(2+1)*12-12, (12+12)*(2-1) "
240,4 8 9 9,6.4,90.7%,6.62,2.4,(4-9/9)*8 
241,1 2 2 8,6.41,93.5%,6.83,2.71,"(2+2-1)*8, (2*2-1)*8 "
242,1 5 8 9,6.41,94.3%,6.92,2.72,"(9-5-1)*8, (9-1)*(8-5), 9/(1-5/8) "
243,4 4 10 13,6.43,93.6%,6.9,2.85,"(4+4)*(13-10), 4/4+13+10 "
244,7 9 11 11,6.43,95.8%,6.91,2.69,11+11+9-7 
245,10 10 10 13,6.43,93.4%,6.9,3.01,10/10+13+10 
246,1 4 4 5,6.44,96.7%,7.01,2.74,(5*4+4)*1 
247,2 12 12 12,6.45,98.4%,6.79,2.43,"12*2+12-12, (12+12)/2+12 "
248,2 12 12 13,6.46,95.7%,6.87,2.43,"(13-12)*12*2, (13-12/12)*2 "
249,6 6 11 12,6.46,89.4%,6.81,3.01,6/6+12+11 
250,1 1 3 11,6.47,94.8%,6.75,2.03,(11+1)*(3-1) 
251,2 5 6 12,6.47,95.5%,6.84,2.52,"12*6/(5-2), 12*5/2-6, (5-6/2)*12, (6-5)*12*2, 6*5-12/2 "
252,4 6 12 13,6.47,93.8%,6.92,2.92,(13-12)*6*4 
253,1 3 8 9,6.48,92%,7.09,3.4,"9*8*1/3, 3/(9/8-1) "
254,1 2 8 8,6.49,96.2%,7.07,2.77,"(8*2+8)*1, (8/2-1)*8 "
255,3 12 13 13,6.49,91.3%,6.69,2.35,(3-13/13)*12 
256,12 13 13 13,6.49,94.9%,6.86,2.42,"13+12-13/13, (13+13)*12/13 "
257,1 6 9 9,6.5,97.6%,6.97,2.5,"(9-1)*(9-6), (9+9+6)*1 "
258,3 6 10 11,6.5,96.1%,7.19,2.94,"11+10+6-3, (11+3-10)*6 "
259,1 2 4 6,6.51,96%,6.91,2.55,"(2-1)*6*4, (6+2)*(4-1) "
260,2 6 6 12,6.51,97.8%,7.08,2.63,"(12-6-2)*6, (12-6)*(6-2), 12*2+6-6, (6*6+12)/2, (12/6+2)*6 "
261,4 7 12 12,6.51,88.7%,6.84,3.06,"(7-4)*12-12, (12*7+12)/4, (7-12/12)*4 "
262,10 11 11 13,6.51,95.1%,6.96,2.67,"(13+11)*(11-10), 11/11+13+10 "
263,1 4 12 12,6.52,91.4%,6.79,2.6,"(4-1)*12-12, (12/4-1)*12 "
264,1 5 7 8,6.52,94.9%,6.93,2.53,"(7+1-5)*8, (7+1)*(8-5) "
265,1 6 6 13,6.53,97.5%,6.93,2.48,"13+6+6-1, 6*6+1-13 "
266,2 8 11 11,6.53,88.8%,6.73,2.9,(11/11+2)*8 
267,4 5 6 6,6.53,95.5%,6.89,2.4,"(6-5)*6*4, (6/6+5)*4 "
268,1 3 6 6,6.54,97.4%,7.06,2.65,"(6+1-3)*6, (6+6)*(3-1), (6*3+6)*1 "
269,1 8 8 9,6.54,96.5%,7.05,2.72,9+8+8-1 
270,1 9 12 12,6.56,92.9%,6.96,2.79,(12-9-1)*12 
271,3 9 9 12,6.56,95.1%,7,2.62,"9*3+9-12, 9/3+12+9, (3-9/9)*12, (12-9)*9-3 "
272,1 4 6 13,6.59,97.7%,7.02,2.35,"13+6+4+1, (13-6-1)*4, (13-1)*(6-4) "
273,2 4 5 12,6.59,94.8%,7.05,2.87,"(12-4)*(5-2), (5-2)*4+12, (5-4)*12*2 "
274,3 7 9 9,6.59,90.8%,7.03,2.9,"(9+3)*(9-7), (9*7+9)/3, (9/9+7)*3 "
275,1 3 3 5,6.6,95.3%,6.92,2.52,"(5+3)*3*1, (3+3)*(5-1) "
276,3 4 5 8,6.6,96.4%,7.09,2.68,"8*4-5-3, (5+3)*4-8, (8+3-5)*4, (8+4)*(5-3), (5-4)*8*3, (5+4)*8/3 "
277,6 10 10 10,6.6,95.9%,6.85,2.3,10+10+10-6 
278,4 6 7 8,6.61,95.7%,7.09,2.56,"(6+4-7)*8, (8-7)*6*4 "
279,3 5 11 11,6.62,94.9%,7.15,2.96,11+11+5-3 
280,4 5 9 9,6.62,88.4%,6.84,2.85,(9/9+5)*4 
281,1 7 8 12,6.63,95.6%,7.08,2.69,"(8+1-7)*12, (7-1)*(12-8) "
282,2 2 2 11,6.63,92.4%,7.01,2.87,"(2/2+11)*2, (11+2)*2-2 "
283,2 8 8 13,6.63,92.9%,7.08,2.66,"(13-8-2)*8, (8*2-13)*8, (13-8/8)*2 "
284,3 10 10 12,6.63,94.8%,7,2.37,"12/3+10+10, (10+10-12)*3, (3-10/10)*12 "
285,1 6 7 11,6.64,97.4%,7.21,2.88,"(11-7)*6*1, (6-1)*7-11, (11+7+6)*1 "
286,3 7 7 12,6.64,90.2%,6.83,2.61,(3-7/7)*12 
287,4 6 12 12,6.64,97.1%,7.13,2.49,"(12-6-4)*12, 6*4+12-12, 12*6-12*4, (4-12/6)*12 "
288,2 3 4 6,6.65,97.9%,7.07,2.32,"(3-2)*6*4, 6*3+4+2, (4+2)*3+6, (6-3)*4*2, (6+4-2)*3, (4/2+6)*3, 6*2+4*3, (6*2-4)*3, (6/2+3)*4 "
289,2 3 11 13,6.65,92%,7.15,2.97,(13+11)*(3-2) 
290,2 8 10 11,6.65,95.1%,7.18,2.77,"(11+2-10)*8, (10-2)*(11-8), 10/2+11+8, 11*2+10-8, (10-8)*11+2 "
291,2 10 11 12,6.65,96%,6.99,2.44,"11*2+12-10, (11-10)*12*2, (12-10)*11+2 "
292,4 5 13 13,6.65,87.4%,6.87,2.96,(13/13+5)*4 
293,8 8 8 10,6.65,90.5%,6.96,3,(10-8)*8+8 
294,2 8 9 12,6.67,95.3%,7.08,2.75,"9*8/2-12, (9-8)*12*2, (9-12/2)*8, (8/12+2)*9 "
295,2 11 13 13,6.68,94.3%,7.09,2.64,"13*2+11-13, (13-11)*13-2, (13+13)/2+11, (13/13+11)*2 "
296,4 6 11 12,6.68,93%,7.09,2.99,(12-11)*6*4 
297,1 2 3 6,6.69,97.2%,7.16,2.43,"(3+2-1)*6, (6+2)*3*1, (3-1)*6*2 "
298,1 3 3 7,6.69,96.1%,7.49,3.39,(7*3+3)*1 
299,1 3 5 8,6.69,95.3%,7.43,3.09,"(5+1-3)*8, 5*3+8+1, (8-3)*5-1 "
300,1 4 4 7,6.69,96.2%,7.38,3.19,"4*4+7+1, (7*4-4)*1 "
301,3 6 6 7,6.7,93.9%,7.19,2.74,"7*6-6*3, (7+3-6)*6, (6/6+7)*3 "
302,1 5 10 12,6.71,92.1%,7.15,3.1,"12*10*1/5, 12/(1-5/10) "
303,1 1 2 7,6.72,95.6%,6.95,2.08,(7+1)*(2+1) 
304,1 3 3 9,6.72,96.9%,7.34,2.87,"(9-3)*(3+1), (9+3)*(3-1), (3-1/3)*9, (9*3-3)*1 "
305,4 4 4 4,6.72,97.9%,7.26,2.97,4*4+4+4 
306,1 2 10 13,6.73,97.1%,7.26,2.78,13+10+2-1 
307,1 6 8 10,6.73,97.3%,7.15,2.46,"(10-6-1)*8, (10+8+6)*1, 6/(10/8-1) "
308,2 2 8 12,6.73,98.1%,7.16,2.33,"12+8+2+2, 12*8/(2+2), 12*8/2/2, 2*2+12+8, (8-2)*2+12, (8/2-2)*12 "
309,3 7 13 13,6.73,87.5%,6.84,2.84,(13/13+7)*3 
310,3 8 9 10,6.73,96.2%,7.11,2.56,"(10-9)*8*3, 10+9+8-3, (9+3)*(10-8) "
311,7 8 11 12,6.73,96.3%,7.2,2.69,"12+11+8-7, 12*8/(11-7) "
312,1 2 5 5,6.74,95.1%,7.29,2.97,5*5+1-2 
313,2 2 5 5,6.74,93.5%,7.11,2.49,"5*5-2/2, (5+5+2)*2 "
314,5 6 6 7,6.74,97.8%,7.2,2.41,"7+6+6+5, (6+5-7)*6, 6*6-7-5, (6+6)*(7-5) "
315,1 3 13 13,6.75,97.3%,7.26,2.63,13+13+1-3 
316,1 5 8 10,6.75,96.6%,7.24,2.57,"10+8+5+1, (10/5+1)*8 "
317,1 4 7 13,6.76,96.7%,7.33,2.91,"(13-7)*4*1, (13+7+4)*1 "
318,1 10 11 12,6.76,95.1%,7.15,2.55,"(11+1-10)*12, (11+1)*(12-10) "
319,4 4 12 13,6.76,92%,7.11,2.58,"13+12-4/4, (13-4)*4-12 "
320,6 8 10 12,6.77,97.4%,7.37,2.81,"8*6/(12-10), 12+10+8-6, (10+6)*12/8, 12*8/(10-6), (10-8)*6+12 "
321,9 9 10 13,6.77,91.1%,6.98,2.75,9/9+13+10 
322,1 7 7 11,6.79,97.1%,7.32,2.65,"11+7+7-1, (7-1)*(11-7) "
323,3 7 11 11,6.79,87.8%,7.01,3.19,(11/11+7)*3 
324,1 2 5 6,6.8,94.4%,7.32,2.85,"(5+1-2)*6, (5+1)*(6-2), (6+5+1)*2 "
325,1 12 12 12,6.8,93.9%,7.03,2.62,(12/12+1)*12 
326,2 2 2 4,6.8,96.1%,7.16,2.49,"(4+2)*(2+2), (2+2+2)*4, (4+2)*2*2, (2*2+2)*4 "
327,4 4 5 5,6.8,93.4%,7.31,2.69,"5*5-4/4, (5+5-4)*4, (4/5+4)*5 "
328,5 7 10 12,6.8,96.8%,7.27,2.52,"(7+5)*(12-10), (7+5-10)*12, 12+10+7-5 "
329,1 3 3 3,6.81,95.7%,7.2,2.56,"(3+3)*(3+1), (3*3-1)*3 "
330,3 3 5 6,6.81,96.5%,7.42,2.69,"6*5-3-3, (3+3)*5-6, (3*3-5)*6, (5-3/3)*6, (5+3)*(6-3), 5*3+6+3, (6+5-3)*3 "
331,6 7 12 13,6.81,95.4%,7.31,2.77,"13+12+6-7, (13-7)*6-12 "
332,1 1 2 9,6.82,95.1%,7.14,2.32,(9-1)*(2+1) 
333,2 5 6 11,6.82,96.3%,7.3,2.65,"11+6+5+2, (11-5-2)*6, (11-5)*(6-2), (11+6-5)*2 "
334,3 3 12 13,6.82,93.4%,7.27,2.68,"13+12-3/3, 13*3-12-3 "
335,1 4 8 13,6.83,97.5%,7.22,2.49,"13+8+4-1, (13+1-8)*4, (13-1)*8/4 "
336,2 11 11 13,6.85,95.1%,7.39,2.85,"11*2+13-11, (11+11)/2+13, (13-11/11)*2, (13-11)*11+2 "
337,3 4 10 13,6.85,96.6%,7.3,2.82,"13+10+4-3, (13+3-10)*4, 10*4-13-3 "
338,1 6 8 11,6.86,97.8%,7.31,2.44,"11+8+6-1, (11+1-8)*6, (11+1)*(8-6) "
339,1 2 5 7,6.87,95.2%,7.2,2.64,"(7+5)*2*1, (7+1)*(5-2), (7-2)*5-1 "
340,1 9 11 12,6.87,94%,7.37,3.14,(11-9)*12*1 
341,4 7 7 7,6.87,88.7%,7.1,3.06,(7-7/7)*4 
342,4 8 8 8,6.87,94.6%,7.3,2.81,"(8-4)*8-8, 8*8/4+8, (4-8/8)*8 "
343,5 7 11 11,6.87,96.3%,7.3,2.64,"11+11+7-5, (11-5)*(11-7) "
344,8 9 11 12,6.87,95.2%,7.55,3.12,12+11+9-8 
345,2 2 2 13,6.91,93.8%,7.3,2.83,"(13-2/2)*2, (13-2)*2+2 "
346,5 6 7 7,6.91,87.3%,7,2.84,(5-7/7)*6 
347,7 7 10 13,6.91,90%,7.23,3.19,7/7+13+10 
348,1 1 3 5,6.92,95.5%,7.27,2.34,(5+1)*(3+1) 
349,2 3 12 13,6.92,96%,7.45,2.71,13+12+2-3 
350,2 4 4 8,6.92,96.6%,7.33,2.68,"(4+2)*(8-4), 8*4-4*2, 4*4*2-8, (8+2-4)*4, (8+4)*(4-2), (8+4)*4/2, (8-4/2)*4, 8*2+4+4, (4+4)*2+8, (4/4+2)*8 "
351,7 8 12 13,6.92,96.8%,7.44,2.63,"(8+7-13)*12, 13+12+7-8, (13-7)*(12-8) "
352,1 1 4 9,6.94,93.7%,7.17,2.37,(9-1)*(4-1) 
353,1 5 6 6,6.94,93.9%,7.65,3.51,(6*5-6)*1 
354,3 4 5 7,6.94,96.5%,7.44,2.72,"4*3+7+5, (7-5)*4*3, (5+3)*(7-4), 5*4+7-3, (7-3)*5+4, (7+5-4)*3 "
355,4 4 4 8,6.94,96.5%,7.55,2.95,"8*4-4-4, (4+4)*4-8, (4-4/4)*8, (8/4+4)*4 "
356,7 9 13 13,6.94,96.6%,7.48,2.73,"13+13+7-9, (13-7)*(13-9) "
357,8 9 12 13,6.94,96.2%,7.49,2.73,"13+12+8-9, 12*8/(13-9) "
358,11 12 12 13,6.94,97.2%,7.54,2.73,"13+12+11-12, 13*12-12*11 "
359,2 6 6 8,6.96,95.7%,7.56,3.05,"(8-6)*6*2, (6*2-8)*6, (8+2-6)*6, (6-6/2)*8, (6/6+2)*8 "
360,1 2 11 13,6.97,93.7%,7.6,3.2,(13+11)*(2-1) 
361,3 3 3 3,6.97,96.1%,7.66,3.43,3*3*3-3 
362,3 8 8 9,6.98,95.7%,7.36,2.57,"(9-8)*8*3, (9-8/8)*3 "
363,3 3 3 10,7,94.6%,7.53,3.14,"10*3-3-3, (10-3)*3+3 "
364,9 11 11 11,7,95.5%,7.37,2.76,11+11+11-9 
365,1 6 6 10,7.01,93.6%,7.34,3.12,(10-6)*6*1 
366,2 4 13 13,7.01,95.9%,7.55,2.79,"13+13+2-4, 13+13-4/2 "
367,4 7 10 11,7.01,97.2%,7.61,2.84,"11+10+7-4, (10-4)*(11-7), (10+7-11)*4 "
368,11 11 12 13,7.01,95.5%,7.5,2.55,"13+12-11/11, (13+11)*(12-11) "
369,1 3 4 4,7.02,93.6%,7.36,3.11,"(4+4)*3*1, (4+3-1)*4 "
370,1 9 10 12,7.02,94%,7.43,2.88,(10+1-9)*12 
371,4 5 11 11,7.02,87.4%,7.49,3.83,"(11-4)*5-11, (11/11+5)*4 "
372,8 9 10 13,7.02,96%,7.52,2.72,"9*8/(13-10), 13+10+9-8 "
373,1 2 2 11,7.03,97.3%,7.61,2.94,"(11+2-1)*2, (11*2+2)*1 "
374,3 3 4 4,7.03,94.6%,7.41,2.65,"4*3+4*3, (4*3-4)*3 "
375,9 10 11 12,7.03,96.1%,7.57,2.84,"12+11+10-9, (11+9)*12/10 "
376,4 7 8 8,7.04,94.4%,7.47,2.65,"(7+4-8)*8, 8*7-8*4, (7-8/8)*4 "
377,1 3 6 7,7.05,96.3%,7.42,2.79,"(7-3)*6*1, (7+1)*(6-3), 6*3+7-1, (7-1)*3+6 "
378,2 4 5 8,7.05,95.3%,7.48,2.84,"(8-5)*4*2, (4*2-5)*8, (5+2-4)*8, (5-4/2)*8, 8*5/2+4, 5*4+8/2, (5*4-8)*2 "
379,2 6 10 12,7.05,95.4%,7.53,2.81,"(10-6-2)*12, (12-10)*6*2, (6*2-10)*12, (10+2)*12/6, (12+2-10)*6, (10-6)*12/2, (10-12/2)*6, (10*6-12)/2, (12/6+10)*2 "
380,8 8 12 13,7.05,92.4%,7.4,2.74,13+12-8/8 
381,2 2 12 13,7.06,92.7%,7.37,2.68,13+12-2/2 
382,2 5 5 13,7.06,92.3%,7.5,2.86,"(13-5)*(5-2), (5*5-13)*2, (13-5/5)*2 "
383,4 5 7 7,7.06,91.1%,7.63,3.68,"7*5-7-4, (7/7+5)*4 "
384,4 6 9 10,7.06,94.2%,7.59,3.26,"(10-9)*6*4, 10*6/4+9, 10*6-9*4, (10*9+6)/4 "
385,6 8 11 11,7.06,94.3%,7.63,3.17,11+11+8-6 
386,2 8 12 12,7.07,95.4%,7.41,2.62,"(12-8-2)*12, 12*12/(8-2), (12-8)*12/2, (8-12/2)*12, 12/(2-12/8), (12/12+2)*8 "
387,4 4 4 12,7.07,96.5%,7.56,2.93,"12+4+4+4, (4+4)*12/4, 4*4+12-4 "
388,1 1 6 12,7.08,91.1%,7.63,3.5,(1+1)*6+12 
389,2 6 7 12,7.08,92.4%,7.34,3,(7-6)*12*2 
390,5 6 9 9,7.08,90.6%,7.4,2.87,"(9-6)*5+9, (5-9/9)*6 "
391,1 2 6 7,7.09,95.6%,7.47,2.59,"(7-2-1)*6, (7+6-1)*2, (7+1)*6/2, (7-1)*(6-2) "
392,1 2 11 12,7.09,96.9%,7.77,3.19,"12+11+2-1, 2/(1-11/12) "
393,1 3 5 13,7.09,94.6%,7.51,2.73,"(13-5)*3*1, (13-1)*(5-3) "
394,1 11 12 12,7.09,94.5%,7.67,3.19,(12+1-11)*12 
395,3 6 9 9,7.09,94%,7.68,3.31,"9*3+6-9, (9-6)*9-3, (9/9+3)*6 "
396,4 7 13 13,7.09,87.5%,7.35,3.18,(7-13/13)*4 
397,8 8 10 13,7.1,90.8%,7.53,3.16,"8/8+13+10, 13*8-10*8 "
398,2 5 5 8,7.11,88.6%,7.31,3.25,(5/5+2)*8 
399,3 6 6 12,7.11,95.6%,7.78,2.98,"6*3+12-6, 12*6/(6-3), 6*6/3+12, 12*3-6-6, (6+6)*3-12, (3-6/6)*12, (12-6)*3+6, (12/6+6)*3 "
400,5 5 10 10,7.11,86.7%,7.43,3.28,5*5-10/10 
401,5 6 13 13,7.11,87.1%,7.18,2.88,(5-13/13)*6 
402,1 3 10 12,7.12,96.6%,7.6,2.75,12+10+3-1 
403,1 6 8 8,7.12,93.3%,7.46,3.02,"(8+1-6)*8, 8/(8/6-1) "
404,2 3 5 5,7.12,96.1%,7.62,2.91,"5*5+2-3, (5+5-2)*3, (5+3)*(5-2) "
405,2 9 9 11,7.12,87.7%,7.18,2.85,(9/9+11)*2 
406,6 7 10 13,7.12,96.7%,7.64,2.79,"13+10+7-6, (13-7)*(10-6), (10+7-13)*6 "
407,1 2 3 5,7.13,95.6%,7.47,2.45,"(5+3)*(2+1), (5+2+1)*3, (5-1)*3*2, (3+2)*5-1 "
408,2 6 7 13,7.13,96.7%,7.55,2.72,"13+7+6-2, (13-7)*(6-2), (13-7-2)*6, (13+6-7)*2 "
409,3 3 3 7,7.14,91.9%,7.53,3.25,"(3+3)*(7-3), (3/3+7)*3 "
410,1 3 10 11,7.15,96.2%,7.77,3.17,"11*3+1-10, (11+10+3)*1 "
411,6 9 12 12,7.15,89.1%,7.69,3.83,"(9-6)*12-12, (12+6)*12/9, 12*6/(12-9) "
412,4 5 10 10,7.17,91.2%,7.58,3.33,"10*10/5+4, (10/10+5)*4 "
413,3 4 11 12,7.18,95.3%,7.83,3.43,"12+11+4-3, (11-3)*12/4, (11-12/4)*3 "
414,5 5 6 6,7.18,93.2%,7.68,2.93,"(5+5-6)*6, 5*5-6/6, (6-6/5)*5 "
415,1 3 7 13,7.19,96.9%,7.56,2.66,"13+7+3+1, (13-7)*(3+1) "
416,1 2 2 13,7.2,96.7%,7.73,3.1,"(13+1-2)*2, (13*2-2)*1 "
417,1 8 8 10,7.2,92.3%,7.54,3.03,(10+1-8)*8 
418,5 5 10 13,7.2,90.1%,7.65,3.46,"5/5+13+10, (5-13/5)*10 "
419,2 9 9 13,7.21,88.8%,7.33,2.72,(13-9/9)*2 
420,4 6 6 8,7.21,97.4%,7.71,2.66,"8+6+6+4, 8*6-6*4, 8*6/(6-4), 6*6-8-4, (6+6)*8/4, (6-8/4)*6, (4-6/6)*8 "
421,6 8 8 8,7.21,88%,7.65,3.63,(8-6)*8+8 
422,8 10 11 11,7.21,95%,7.59,2.8,11+11+10-8 
423,1 8 8 11,7.22,93.6%,7.76,3.59,(11-8)*8*1 
424,2 3 3 13,7.22,94.2%,7.82,3.06,"(13-3-2)*3, (13+3)*3/2, 3*3+13+2, (13-3/3)*2 "
425,1 7 7 9,7.24,96.1%,7.61,2.88,9+7+7+1 
426,10 10 12 13,7.24,92.5%,7.52,2.61,13+12-10/10 
427,1 7 8 11,7.25,92.9%,7.61,3.14,"(7+1)*(11-8), (11-7-1)*8 "
428,1 10 12 13,7.25,94.6%,7.6,2.83,"(13-10-1)*12, (13-1)*(12-10) "
429,2 2 10 13,7.25,90%,7.45,3.16,2/2+13+10 
430,2 7 7 13,7.25,86.4%,7.37,3.12,(13-7/7)*2 
431,6 6 12 13,7.25,90.3%,7.74,3.2,13+12-6/6 
432,2 5 9 12,7.26,95.8%,7.71,2.92,"(9-5-2)*12, 12+9+5-2, 12/(5-9/2), (9-5)*12/2 "
433,2 2 7 13,7.27,96.4%,7.7,2.89,"13+7+2+2, (13-7)*(2+2), 2*2+13+7, (13-7)*2*2 "
434,2 6 10 10,7.27,95.9%,7.8,3.02,"10+10+6-2, 10*2+10-6 "
435,3 7 12 13,7.28,94.1%,7.8,3.18,"(13-7)*12/3, 12/3+13+7, (13+7-12)*3 "
436,1 3 4 5,7.29,97.6%,7.75,2.49,"5*4+3+1, (3+1)*5+4, (5+4-1)*3, (5+3)*(4-1) "
437,1 3 9 11,7.29,95%,7.8,3.13,"11+9+3+1, (11*3-9)*1, (11/3-1)*9 "
438,1 7 10 12,7.29,92.7%,7.69,3.09,"(10-7-1)*12, 10/(1-7/12) "
439,2 9 10 12,7.29,94%,7.62,2.85,"(10-2)*(12-9), (10-9)*12*2 "
440,4 8 10 12,7.29,95.8%,7.87,2.92,"(8+4)*(12-10), (8+4-10)*12, 8/4+12+10, (10-4)*(12-8), 12*4/(10-8), (10+8-12)*4 "
441,1 3 4 11,7.3,96.1%,7.81,2.93,"(11+1-4)*3, (11-3)*(4-1), 4*3+11+1 "
442,3 7 7 9,7.3,86.5%,7.38,3.07,(9-7/7)*3 
443,3 9 10 11,7.31,93.1%,7.73,2.99,"9/3+11+10, (10+9-11)*3 "
444,3 5 5 6,7.33,89%,7.58,3.39,"(5+5)*3-6, (5/5+3)*6 "
445,4 5 11 13,7.33,91%,7.86,3.45,(13+11)*(5-4) 
446,1 1 6 8,7.34,95.1%,7.72,2.54,8*6/(1+1) 
447,1 5 6 9,7.34,92.1%,7.88,3.7,(9-5)*6*1 
448,5 5 13 13,7.34,85.2%,7.54,3.32,5*5-13/13 
449,5 9 10 10,7.34,92.9%,7.8,3.17,10+10+9-5 
450,1 6 8 13,7.35,94.6%,7.82,2.92,"(13-8-1)*6, (13-1)*(8-6) "
451,4 8 11 12,7.35,92.9%,7.9,3.26,"(11+4-12)*8, 11*4-12-8, (12-4)*(11-8), (11-8)*4+12 "
452,2 8 8 8,7.37,93.9%,7.95,3.47,"8*8/2-8, (8+8)*2-8, (8/8+2)*8 "
453,3 4 5 12,7.37,97.1%,7.82,2.78,"12+5+4+3, (4+3-5)*12, (5+3)*12/4, 12*4/(5-3), 12*5/3+4, 5*4+12/3, (5*4-12)*3, (12/4+5)*3 "
454,5 5 11 11,7.37,85.6%,7.62,3.61,5*5-11/11 
455,5 6 11 11,7.37,87%,7.58,3.46,(5-11/11)*6 
456,1 1 8 8,7.38,89.4%,7.8,3.9,(1+1)*8+8 
457,7 10 10 11,7.38,93.9%,7.72,2.96,11+10+10-7 
458,1 2 4 10,7.39,96.3%,7.85,3.16,"(10-2)*(4-1), (10*2+4)*1, (10/2+1)*4 "
459,1 7 9 13,7.39,94%,7.69,2.65,"(7-1)*(13-9), (13-1)*(9-7) "
460,2 6 7 9,7.39,96.3%,7.91,3.05,"9+7+6+2, (9-7)*6*2, (9+2-7)*6, 7*6-9*2 "
461,3 8 8 12,7.39,91.8%,7.89,3.28,"12*8/3-8, (3-8/8)*12 "
462,2 2 3 9,7.4,94.7%,7.86,2.89,"(9-3)*(2+2), (9-3)*2*2, (9-2/2)*3, 9*2+3*2, (2/3+2)*9 "
463,4 5 5 8,7.4,88.1%,7.55,3,(4-5/5)*8 
464,4 7 12 13,7.4,92.3%,7.93,3.43,"(13-7-4)*12, (12+7-13)*4 "
465,1 6 6 9,7.41,90.7%,7.86,3.33,(9+1-6)*6 
466,3 5 5 12,7.41,89%,7.75,3.45,(3-5/5)*12 
467,5 5 7 8,7.41,92.8%,7.87,3.03,"(5+5-7)*8, 5*5+7-8 "
468,3 5 13 13,7.42,94%,7.88,3.13,13+13+3-5 
469,3 6 6 6,7.42,94.7%,7.9,3.27,"(6-3)*6+6, (6+6)*6/3, (6-6/3)*6, (6/6+3)*6 "
470,5 6 11 13,7.43,91.6%,7.91,3.4,"(13+11)*(6-5), (13-6)*5-11 "
471,9 12 12 12,7.44,81.9%,7.31,3.81,(12-9)*12-12 
472,1 5 9 9,7.45,94.5%,7.94,3.24,9+9+5+1 
473,3 6 11 12,7.45,93.3%,7.92,3.25,"(11-6-3)*12, (12+3-11)*6 "
474,5 6 8 8,7.45,92.5%,7.91,3.09,"(6+5-8)*8, (5-8/8)*6 "
475,5 10 11 11,7.45,90.5%,7.73,2.89,10/5+11+11 
476,6 6 6 11,7.45,88.7%,7.71,3.55,(11-6)*6-6 
477,3 5 6 8,7.46,93.9%,8,3.23,"8*6/(5-3), (5-6/3)*8, (6-5)*8*3 "
478,3 6 8 8,7.46,92.7%,7.8,2.99,"8*6/3+8, 8*6-8*3, (8/8+3)*6 "
479,7 9 10 12,7.46,94.2%,8.05,3.34,12+10+9-7 
480,10 11 11 12,7.46,96.8%,7.98,2.86,12+11+11-10 
481,2 3 3 11,7.47,89.6%,7.76,3.37,"(11-2)*3-3, (3/3+11)*2 "
482,4 4 5 8,7.47,96.1%,7.85,2.63,"(4+4)*(8-5), (4+4-5)*8, 8*5-4*4, 5*4+8-4, (8-4)*5+4 "
483,10 12 12 13,7.47,90.1%,7.88,3.57,"12/12+13+10, (13-10)*12-12 "
484,1 3 7 8,7.48,89.4%,7.74,3.7,"(7-3-1)*8, 3/(1-7/8) "
485,2 5 12 12,7.48,82.8%,7.68,4.28,"(12-5*2)*12, (5-2)*12-12, (12-2)*12/5, (12*5-12)/2 "
486,1 8 9 11,7.49,92.8%,7.8,3.1,"(11+1-9)*8, (9-1)*(11-8), 9/(11/8-1) "
487,3 3 4 5,7.49,93.9%,7.94,3.27,"(3/3+5)*4, (5-3)*4*3, (5+4)*3-3 "
488,3 3 9 9,7.49,96%,7.8,2.78,"9+9+3+3, 9*3-9/3, (3-3/9)*9, 9*9/3-3 "
489,8 8 9 11,7.49,89.5%,7.98,3.93,"9*8/(11-8), (11-9)*8+8 "
490,2 3 7 12,7.5,95%,7.99,3.13,"12+7+3+2, (7-3-2)*12, 12/(7/2-3), (7-3)*12/2 "
491,3 7 11 12,7.5,90.7%,7.92,3.55,"(11+3)*12/7, (12+7-11)*3, (11-7)*3+12 "
492,1 8 11 12,7.51,91.6%,7.99,3.46,(11-8-1)*12 
493,1 11 12 13,7.51,94.4%,7.94,3.18,(13-11)*12*1 
494,1 12 12 13,7.51,94.3%,8,3.25,(13+1-12)*12 
495,1 2 3 7,7.52,96.1%,8.22,3.25,"7*3+2+1, (2+1)*7+3, (7+2-1)*3 "
496,2 2 4 7,7.52,95.2%,8.17,3.18,"7*4-2-2, (2+2)*7-4, 7*4-2*2, 7*2*2-4, (7-2/2)*4, (7+4)*2+2 "
497,4 7 11 11,7.52,86.1%,7.7,3.63,(7-11/11)*4 
498,2 4 10 12,7.53,96.5%,8.17,3.26,"(10-4*2)*12, 12+10+4-2, 4/2+12+10, (10-2)*12/4, (10-4)*2+12, 12/(10/4-2) "
499,2 7 8 13,7.53,94.1%,8.06,3.18,"(13-7)*8/2, 8/2+13+7, (13+7-8)*2 "
500,3 5 10 12,7.54,95%,8.13,3.2,"(10-5-3)*12, 12+10+5-3 "
501,1 2 4 13,7.55,93.8%,7.9,2.95,"(13+1)*2-4, (13-1)*(4-2), (13-1)*4/2 "
502,6 8 13 13,7.55,93.5%,8.01,3.15,13+13+6-8 
503,7 8 8 9,7.56,86.3%,7.99,4.09,(9-7)*8+8 
504,3 4 8 10,7.57,93.5%,7.88,3.26,"(10-4-3)*8, (10-8)*4*3, (10+8)*4/3, (10-8/4)*3 "
505,4 7 9 9,7.57,86.6%,7.73,3.3,(7-9/9)*4 
506,1 5 5 6,7.58,95.1%,8.14,3.12,"6*5-5-1, (5+1)*5-6 "
507,1 2 7 10,7.59,90.9%,8.18,4.15,(7*2+10)*1 
508,2 2 6 6,7.59,95.9%,8.12,3.06,"(6+2)*6/2, 6*2+6*2 "
509,5 10 13 13,7.59,92.8%,8.04,2.79,"10*5-13-13, 13+13-10/5, (13-5)*(13-10) "
510,2 5 6 8,7.6,95.7%,8.06,3.05,"5*2+8+6, (6+2-5)*8, (6+2)*(8-5), 6*5+2-8, (8-2)*5-6 "
511,4 4 4 7,7.6,91.6%,8.04,3.47,"(4+4)*(7-4), (7-4/4)*4 "
512,5 8 8 10,7.6,91.7%,8.03,3.43,"(8+5-10)*8, 10*8/5+8 "
513,2 2 7 8,7.61,93.8%,8,3.04,"(7-2-2)*8, (7-2*2)*8, 7*2+8+2 "
514,1 2 3 9,7.62,96.4%,8.2,3.17,"9*3-2-1, (2+1)*9-3, (9+3)*2*1, (9+1-2)*3 "
515,2 3 4 12,7.62,94.5%,8.15,3.33,"(3*2-4)*12, (12-3*2)*4, (12+4)*3/2, (4+2)*12/3, (4-3)*12*2, (12/3+2)*4 "
516,9 10 10 13,7.62,95.4%,8.05,3.08,13+10+10-9 
517,2 4 8 10,7.63,97.6%,8.11,2.67,"10+8+4+2, 10*4-8*2, (8*2-10)*4, (10-4)*8/2, (10-8/2)*4, (10+2)*8/4, 10*2+8-4, 8*4+2-10, (10-2)*4-8, (8/4+10)*2, (10*4+8)/2 "
518,5 5 9 9,7.63,85.2%,7.91,3.67,5*5-9/9 
519,5 7 13 13,7.63,94.3%,8.07,3.27,13+13+5-7 
520,1 4 5 5,7.64,96%,8.1,2.77,"5*4+5-1, (5-1)*5+4 "
521,1 7 9 9,7.64,94.9%,8.12,3.18,9+9+7-1 
522,3 9 13 13,7.64,86%,7.78,3.4,(9-13/13)*3 
523,1 2 2 4,7.65,95.8%,7.99,2.48,(2+1)*4*2 
524,2 6 6 6,7.65,96.1%,8.17,3.05,"6*2+6+6, 6*6-6*2, 6*6/2+6 "
525,2 6 9 11,7.65,96%,8.15,3.19,"(11-9)*6*2, 11+9+6-2, 11*6/2-9, (11+2-9)*6 "
526,2 10 10 13,7.65,89.8%,7.94,3.13,"(10-2)*(13-10), (13-10/10)*2 "
527,6 7 11 13,7.65,90.3%,8.08,3.6,(13+11)*(7-6) 
528,2 10 10 11,7.66,85.2%,7.49,3.06,(10/10+11)*2 
529,3 3 5 5,7.66,89.4%,8,3.31,5*5-3/3 
530,3 9 11 11,7.67,85.5%,7.79,3.49,"(3-9/11)*11, (9-11/11)*3 "
531,1 4 4 4,7.68,95.9%,8.15,2.99,"(4+1)*4+4, (4+4)*(4-1) "
532,3 5 5 7,7.68,90.3%,7.92,3.21,"(7+5)*(5-3), (5/5+7)*3 "
533,4 4 8 8,7.68,96%,8.28,3.22,"8+8+4+4, (8+4)*8/4, (8-4)*4+8, (8-8/4)*4 "
534,3 5 6 12,7.71,93.4%,8.23,3.32,"(5+3-6)*12, (12-5-3)*6, (5-3)*6+12 "
535,3 4 4 7,7.72,90.6%,8.18,3.57,"(7+3-4)*4, (4/4+7)*3 "
536,3 3 10 13,7.74,89.5%,7.99,3.64,3/3+13+10 
537,3 4 4 12,7.74,90.7%,8.05,3.38,"(3-4/4)*12, (12/4+3)*4 "
538,3 7 9 10,7.75,92%,8.3,3.55,"9*3+7-10, (10+7-9)*3, (10-7)*9-3 "
539,2 3 5 6,7.76,95.4%,8.24,3.04,"6*5-3*2, 5*3*2-6, (5+2-3)*6, (5-3)*6*2, (5+3)*6/2, (6/2+5)*3 "
540,2 2 4 10,7.77,94.4%,8.13,2.93,"(10-4)*(2+2), (10-2-2)*4, (10-4)*2*2, (10-2*2)*4, (10+4-2)*2, (10+2)*(4-2), (10+2)*4/2, (4/2+10)*2 "
541,2 8 12 13,7.77,89.7%,8.01,3.58,(13+2-12)*8 
542,5 5 10 11,7.77,87.4%,8.11,3.84,5*5+10-11 
543,6 6 6 9,7.77,89.8%,8.3,4.08,"6*6*6/9, (9-6)*6+6 "
544,1 3 8 12,7.78,96.8%,8.3,2.95,"12+8+3+1, 12*8/(3+1), (12/3-1)*8 "
545,1 2 12 13,7.79,96.4%,8.51,3.44,"13+12+1-2, 2/(13/12-1) "
546,1 2 4 11,7.8,92.3%,8.07,2.85,"(11+1)*(4-2), (11+1)*4/2, (11-1)*2+4 "
547,1 8 9 13,7.8,91.6%,8.23,3.71,(13-9-1)*8 
548,9 11 13 13,7.8,92.4%,8.35,3.32,13+13+9-11 
549,1 2 2 5,7.81,94.7%,8.12,2.87,"(5+1)*(2+2), (5+1)*2*2 "
550,1 3 5 11,7.81,93.2%,8.15,2.92,"(11-5)*(3+1), (11+1)*(5-3) "
551,2 2 2 10,7.81,94%,8.27,3.42,"10*2+2+2, 10*2+2*2 "
552,4 8 12 13,7.81,92.1%,8.44,3.81,"(12+4-13)*8, 12/4+13+8 "
553,2 6 6 11,7.82,82.8%,7.6,3.34,(6/6+11)*2 
554,3 4 9 12,7.82,94.4%,8.28,3.23,"(9-4-3)*12, 9*4/3+12, 9*3-12/4, (12+3-9)*4, (12-4)*9/3, 12*9/4-3, (3-4/12)*9 "
555,3 6 10 12,7.82,93.1%,8.33,3.56,"6/3+12+10, 10*3+6-12, 10*6-12*3, (10*6+12)/3, (12+6-10)*3, (10-6)*3+12, (10-12/6)*3 "
556,1 9 11 11,7.83,90.2%,7.99,3.06,(11+1)*(11-9) 
557,2 4 4 13,7.84,85.5%,7.98,3.65,"(13-4/4)*2, (13*4-4)/2 "
558,2 6 6 13,7.84,84.9%,7.73,3.24,(13-6/6)*2 
559,2 4 5 13,7.85,94.8%,8.41,3.35,"13+5+4+2, (13-5-2)*4, (13+4-5)*2 "
560,4 7 9 10,7.85,91%,8.4,3.76,"10*4-9-7, (9+7-10)*4, (9-7)*10+4 "
561,1 4 10 11,7.87,95.1%,8.33,3.25,11+10+4-1 
562,3 3 4 12,7.87,95.1%,8.5,3.25,"(3+3-4)*12, (12-3-3)*4, 4*3*3-12, 12*3-4*3, (12/3+4)*3 "
563,4 4 7 9,7.87,93.5%,8.26,3.52,"9+7+4+4, (9+4-7)*4 "
564,4 8 10 11,7.87,90.8%,8.22,3.56,(10+4-11)*8 
565,8 9 11 13,7.87,90.4%,8.33,3.79,(13+11)*(9-8) 
566,2 6 8 11,7.88,93.4%,8.36,3.47,"(6+2)*(11-8), (11-6-2)*8, 11*2+8-6, (8-6)*11+2 "
567,3 4 4 9,7.89,90.9%,8.46,3.5,"9*4-4*3, (4-4/3)*9, (4+4)*9/3, (9-4/4)*3 "
568,4 5 7 8,7.89,95.5%,8.36,3.14,"8+7+5+4, (8+4)*(7-5), (7+5)*8/4, (8+5-7)*4 "
569,2 7 8 8,7.9,92.6%,8.27,3.26,"(8+2-7)*8, (7-8/2)*8, (8*7-8)/2 "
570,1 4 8 11,7.91,95.7%,8.37,2.93,"11+8+4+1, (11+1)*8/4 "
571,3 3 4 7,7.91,90.3%,8.39,3.63,"(7-3/3)*4, (7+4-3)*3 "
572,2 6 11 13,7.92,90%,8.1,3.48,"(13-11)*6*2, (13+2-11)*6 "
573,1 4 9 12,7.93,96.2%,8.55,3.36,"12+9+4-1, (9-1)*12/4, (9*4-12)*1 "
574,3 6 6 9,7.93,96.4%,8.47,3.12,"9+6+6+3, 9*6/3+6, 6*6-9-3, (9-6/6)*3 "
575,3 6 12 12,7.94,93.2%,8.5,3.62,"(6-3)*12-12, (12-6)*12/3, (6-12/3)*12, (12/12+3)*6 "
576,5 6 7 8,7.94,93.8%,8.4,3.18,"(7+5)*(8-6), (7+5-8)*6, 8*6/(7-5) "
577,5 6 10 10,7.94,86.6%,8.16,3.89,"(10+10)*6/5, (5-10/10)*6 "
578,2 4 4 11,7.95,84.7%,7.93,3.64,"(4/4+11)*2, (11*4+4)/2 "
579,8 8 8 12,7.95,88.2%,8.28,4.21,"(8+8)*12/8, (12-8)*8-8 "
580,2 2 9 11,7.96,91.6%,8.28,3.3,"11+9+2+2, 2*2+11+9 "
581,7 10 12 12,7.96,84.4%,8.03,4.03,"(10-7)*12-12, 12*10/(12-7) "
582,1 2 9 12,7.97,92.7%,8.51,3.86,12+9+2+1 
583,3 9 10 10,7.98,84.9%,7.9,3.56,(9-10/10)*3 
584,3 9 12 12,7.98,90.8%,8.51,3.71,"12*12/(9-3), 12*9/3-12, (9-12/12)*3 "
585,3 4 12 13,7.99,93.3%,8.63,3.79,13+12+3-4 
586,5 6 10 11,7.99,90.3%,8.33,3.6,"(10+5-11)*6, (11-5)*(10-6) "
587,1 4 4 10,8,92.3%,8.22,3.48,(10-4)*4*1 
588,1 5 6 10,8,91.9%,8.36,3.33,"(5+1)*(10-6), (10-5-1)*6 "
589,2 2 6 12,8.01,94.2%,8.58,3.56,"(12-6)*(2+2), (6-2-2)*12, (12-6)*2*2, (6-2*2)*12, (6-2)*12/2, (12/2-2)*6, (12/2+6)*2 "
590,3 5 8 11,8.01,89.5%,8.36,3.63,"(5+3)*(11-8), (11-5-3)*8, (11-3)*(8-5), (11+5-8)*3 "
591,5 8 8 9,8.01,87.2%,8.32,4.05,"9*8/(8-5), (9-5)*8-8 "
592,1 4 6 11,8.02,92.6%,8.35,3.24,"(11+1-6)*4, (11+1)*(6-4) "
593,2 4 6 10,8.02,94.1%,8.52,3.43,"(4+2)*(10-6), (10-4-2)*6, 4*2+10+6, (10+2-6)*4, (10-4)*(6-2), (10+2)*(6-4), (10+6-4)*2 "
594,2 2 4 8,8.03,95.9%,8.58,3.17,"(2+2)*4+8, 4*2*2+8, (4-2/2)*8, (4+2)*8/2, 8*2+4*2, (8+2)*2+4, (8*2-4)*2, (8/2+2)*4 "
595,2 7 7 11,8.03,86.3%,8.06,3.75,"(7-2)*7-11, (7/7+11)*2 "
596,3 12 12 12,8.03,90.9%,8.34,3.5,(3-12/12)*12 
597,3 6 10 10,8.04,85.7%,8.03,3.79,"(3-6/10)*10, (10/10+3)*6 "
598,5 6 6 6,8.04,87.4%,8.24,3.74,(5-6/6)*6 
599,1 2 5 9,8.05,95.3%,8.51,3.06,"(2+1)*5+9, 9*2+5+1, (9-1)*(5-2) "
600,6 6 9 12,8.05,91.9%,8.3,3.37,"12*6/(9-6), 12*9/6+6, (12-9)*6+6 "
601,10 12 13 13,8.05,94.6%,8.6,3.03,13+13+10-12 
602,1 2 6 9,8.06,94.6%,8.65,3.61,"(9-1)*6/2, (9*2+6)*1 "
603,2 2 3 3,8.07,93.4%,8.42,3.28,"(3+3)*(2+2), (3+3)*2*2, (3*2+2)*3 "
604,3 6 7 9,8.07,93.4%,8.56,3.59,"7*3+9-6, (7-9/3)*6, (9+6-7)*3, (9-6)*7+3 "
605,4 6 8 9,8.07,93.8%,8.59,3.56,"(9-8)*6*4, 9*8/4+6, (4-8/6)*9 "
606,6 6 10 12,8.07,93.6%,8.46,3.22,"(6+6)*(12-10), (6+6-10)*12, (10+6-12)*6, (12-6)*(10-6) "
607,8 10 13 13,8.07,92.6%,8.47,3.39,13+13+8-10 
608,2 3 3 6,8.08,96.4%,8.55,2.96,"6*3+3*2, 3*3*2+6, (3+3-2)*6, (3+3)*(6-2), (6+3+3)*2 "
609,3 4 7 9,8.08,93.6%,8.54,3.74,"(9-7)*4*3, 9*3+4-7, (7+4)*3-9, (7-4)*9-3 "
610,1 6 9 13,8.09,90.8%,8.42,4.07,(13-9)*6*1 
611,2 5 5 11,8.09,83.3%,7.94,3.62,"(5+2)*5-11, (5/5+11)*2 "
612,2 6 8 10,8.09,93.7%,8.55,3.58,"(10-8)*6*2, (10+2-8)*6, (8-2)*(10-6), (10+2)*(8-6), (10+8-6)*2, (10+6)*2-8, 8/(2-10/6) "
613,7 8 11 13,8.11,90.6%,8.65,3.9,"(13+11)*(8-7), (13-8)*7-11 "
614,1 4 4 9,8.12,94.2%,8.63,3.56,"(9+1-4)*4, 4*4+9-1 "
615,2 3 5 11,8.12,95.1%,8.62,3.31,"(11+5)*3/2, 5*2+11+3, (11+2-5)*3, (11-3)*(5-2), 11*2+5-3, 5*3+11-2, (5-3)*11+2 "
616,3 7 12 12,8.12,91.4%,8.56,3.63,"(12-7-3)*12, (12*7-12)/3, (12/12+7)*3 "
617,3 12 12 13,8.13,92.5%,8.55,3.35,(12+3-13)*12 
618,4 4 4 5,8.13,85.3%,8.17,4.02,(4/4+5)*4 
619,3 4 5 5,8.14,94%,8.85,3.82,"5*5+3-4, 5*3+5+4 "
620,3 7 10 11,8.16,90.8%,8.4,3.46,"(11-3)*(10-7), (11+7-10)*3 "
621,2 5 6 13,8.18,91.6%,8.59,3.66,"(13-5)*6/2, (13+5-6)*2 "
622,5 8 12 12,8.18,75.2%,7.25,4,(8-5)*12-12 
623,3 3 8 9,8.2,88.6%,8.57,4.01,"(9-3-3)*8, (8+3)*3-9, (8-3)*3+9 "
624,5 8 8 13,8.2,92.5%,8.58,3.72,13+8+8-5 
625,3 4 10 12,8.21,92.5%,8.61,3.59,"(12-10)*4*3, (4*3-10)*12, (10-4)*12/3, (10-12/3)*4, 12/(3-10/4) "
626,2 3 4 8,8.22,93%,9.03,4.22,"(8-4)*3*2, (4+2-3)*8, (8/2+4)*3 "
627,2 8 8 9,8.22,90.4%,8.57,3.46,(9+2-8)*8 
628,2 7 8 11,8.23,95%,8.81,3.58,"(7*2-11)*8, 11+8+7-2, (8-2)*(11-7), (11+8-7)*2 "
629,3 9 12 13,8.23,89.7%,8.73,4.06,"(12+9-13)*3, (13-9)*3+12 "
630,10 11 12 13,8.23,95.9%,8.85,3.56,13+12+10-11 
631,2 4 9 13,8.24,94%,8.64,3.53,"(4+2)*(13-9), 13+9+4-2, 4/2+13+9, (13+2-9)*4 "
632,4 5 8 9,8.26,89.3%,8.64,4.2,"(9+5-8)*4, (9-5)*4+8 "
633,4 7 9 12,8.26,94.8%,8.74,3.3,"(7+4-9)*12, 12+9+7-4, 12*4/(9-7) "
634,6 6 7 10,8.26,84.2%,8.31,4.38,(10-7)*6+6 
635,8 10 10 12,8.26,94.3%,8.72,3.45,12+10+10-8 
636,1 3 6 9,8.27,92.9%,8.78,3.43,"(3-1)*9+6, (6-1)*3+9, (9+1)*3-6, (9-1)*(6-3), (9/3+1)*6 "
637,1 8 11 13,8.27,88.3%,8.45,3.63,(13+1-11)*8 
638,2 5 6 7,8.27,92.6%,8.7,3.65,"(7+2-5)*6, 6*2+7+5, (7-5)*6*2 "
639,2 7 9 10,8.27,94.2%,8.71,3.26,"10+9+7-2, (10+2)*(9-7), (10+9-7)*2 "
640,1 3 6 13,8.28,92.2%,8.54,3.2,"(13+1-6)*3, (13-1)*6/3 "
641,4 5 10 11,8.28,88.1%,8.67,4.46,"10*4-11-5, (11+5-10)*4 "
642,4 8 8 9,8.28,92.3%,8.54,3.2,(8+4-9)*8 
643,4 8 9 10,8.28,89%,8.49,3.55,(9+4-10)*8 
644,6 7 8 10,8.28,91.3%,8.72,3.7,"(7+6-10)*8, 7*6-10-8, (8-6)*7+10 "
645,3 7 8 12,8.29,95.1%,8.81,3.28,"(7+3-8)*12, 12+8+7-3, 12*8/(7-3), (7-12/3)*8 "
646,4 4 6 12,8.31,94.3%,9,3.9,"(4+4-6)*12, (12-4-4)*6, (4*4-12)*6, 12*4-6*4, 12*4/(6-4), (12+4)*6/4, (12/6+4)*4 "
647,1 5 5 13,8.32,93.1%,8.53,3.27,13+5+5+1 
648,3 5 8 8,8.32,92.2%,8.77,3.98,"8+8+5+3, (5-3)*8+8 "
649,4 10 12 12,8.32,92.5%,8.81,3.55,"(10+4-12)*12, 12*12/(10-4), 12*4/(12-10) "
650,1 6 11 12,8.33,88.8%,8.34,2.98,(11+1)*12/6 
651,3 6 9 10,8.33,92.6%,8.73,3.67,"(10+3-9)*6, (9-3)*(10-6), 10*9/3-6, 9*6-10*3, (6-10/3)*9 "
652,4 6 8 12,8.34,94.1%,9,3.61,"(6+4-8)*12, 8*6/4+12, (8+4)*12/6, (12-6)*(8-4), 12*4/(8-6), (6-12/4)*8, (8-12/6)*4 "
653,2 2 3 7,8.35,88.3%,8.63,3.87,"(2/2+7)*3, (7+3+2)*2 "
654,2 4 8 11,8.35,93%,8.68,3.68,"(11-8)*4*2, (11-4*2)*8, 11*2+8/4, 11*8/4+2 "
655,4 5 9 10,8.36,90.3%,8.7,3.74,"(10-4)*(9-5), (10+5-9)*4 "
656,1 4 9 11,8.39,94.4%,9.02,3.77,"(4-1)*11-9, 9*4-11-1, (11+9+4)*1 "
657,9 10 12 13,8.39,93.5%,8.95,3.66,13+12+9-10 
658,2 2 6 10,8.4,95.6%,8.84,3.09,"6*2+10+2, 10*2+6-2, (10-2)*6/2 "
659,3 5 6 6,8.4,92.2%,8.91,3.67,"(6+3-5)*6, (6+6)*(5-3) "
660,4 4 10 12,8.4,90.9%,8.8,4.03,"(10-4-4)*12, 10*4-12-4, (12+4-10)*4 "
661,1 5 9 10,8.42,93.1%,8.95,3.96,(10+9+5)*1 
662,2 4 8 12,8.42,94.1%,9.16,4.35,"(4+2)*(12-8), (8-4-2)*12, 8*2+12-4, (12+2-8)*4, (8-4)*12/2, (12+4)*2-8, (12-4)*2+8 "
663,2 7 11 12,8.42,91.4%,8.79,3.53,"(11-7-2)*12, (11-7)*12/2, 12/2+11+7, (11+7)*2-12 "
664,1 2 8 9,8.43,93.5%,9,3.49,"9*8/(2+1), 8*2+9-1, (9-1)*2+8 "
665,1 3 4 13,8.44,94.5%,8.95,3.71,"(13-4-1)*3, 4*3+13-1 "
666,2 2 4 11,8.44,92%,8.87,3.77,"11*2+4-2, (4-2)*11+2, 11*4/2+2, 11*2+4/2 "
667,8 11 12 12,8.46,76.9%,7.66,3.91,(11-8)*12-12 
668,2 8 9 10,8.47,88.5%,8.65,3.91,"(10+2-9)*8, (9+8)*2-10 "
669,6 6 7 9,8.47,90.7%,8.83,3.72,"(6+6)*(9-7), (7+6-9)*6 "
670,1 3 4 9,8.48,94.7%,8.98,3.83,"(4+1)*3+9, (9-3)*4*1, 9*3+1-4, (4-1)*9-3 "
671,1 3 12 12,8.49,85.8%,8.81,4.86,(12*3-12)*1 
672,2 4 8 8,8.49,93.8%,9.08,4.19,"4*2+8+8, (4-2)*8+8, 8*4/2+8, (8-2)*(8-4), (8+8-4)*2 "
673,5 5 8 9,8.49,90%,8.98,4.06,"5*5+8-9, (8-5)*5+9 "
674,6 8 8 10,8.49,90.9%,9.03,4.2,"8*6/(10-8), (10+8)*8/6, (10-6)*8-8 "
675,1 4 5 11,8.5,90.9%,8.79,4.09,(11-5)*4*1 
676,1 2 2 7,8.52,91.9%,8.86,3.39,"(7-1)*(2+2), (7-1)*2*2 "
677,3 4 7 10,8.52,93.3%,8.82,3.52,"10+7+4+3, (10+3-7)*4, (10-4)*(7-3) "
678,5 8 9 11,8.53,89.8%,8.84,3.9,"(8-5)*11-9, (9+5-11)*8, (11-8)*5+9 "
679,2 8 9 13,8.54,89.9%,8.73,3.74,"(8-2)*(13-9), (13+8-9)*2, 9/(2-13/8) "
680,3 4 9 11,8.54,89.7%,8.69,4.15,"(11-9)*4*3, (11*9-3)/4 "
681,3 6 8 9,8.54,93.7%,8.93,3.18,"9*8/(6-3), (9+3-8)*6, (9+3)*(8-6), (6-9/3)*8 "
682,5 6 9 10,8.55,90.8%,8.98,3.89,"(9+5-10)*6, 10*9/5+6 "
683,5 8 11 13,8.56,88.5%,8.65,3.57,"(11+5-13)*8, (13-5)*(11-8) "
684,2 4 4 4,8.58,94.8%,9.03,3.3,"4*4+4*2, (4+4-2)*4, (4/2+4)*4, (4+4+4)*2, (4*4-4)*2 "
685,2 5 10 11,8.61,94.2%,9.14,3.67,"11+10+5-2, 11*2+10/5, 11*10/5+2 "
686,1 6 12 13,8.62,89.4%,8.75,3.41,(13-1)*12/6 
687,5 6 10 13,8.63,91.3%,9.36,4.39,13+10+6-5 
688,1 2 6 13,8.64,91.2%,9.15,4.04,6*2+13-1 
689,1 2 3 3,8.65,95.7%,9.01,3,(3+1)*3*2 
690,2 8 8 11,8.65,83.8%,8.32,3.68,(8/8+11)*2 
691,4 4 8 11,8.65,86.6%,8.6,3.84,"(4+4)*(11-8), (11-4-4)*8 "
692,2 4 7 10,8.66,91.4%,8.94,3.93,"(10-7)*4*2, (4-2)*7+10, 7*4/2+10, (10-2)*(7-4) "
693,4 7 8 9,8.66,91.9%,9.06,3.85,"9*8/(7-4), (8+4)*(9-7), (8+7-9)*4 "
694,2 10 11 13,8.67,89.9%,8.78,3.51,"(10+2)*(13-11), (13+10-11)*2 "
695,1 1 7 10,8.68,84.9%,8.65,4.5,(1+1)*7+10 
696,2 3 10 13,8.68,93.7%,9.17,3.99,"13+10+3-2, (13-10/2)*3 "
697,3 4 5 10,8.68,90.5%,9.06,4.17,"10*4*3/5, (5-3)*10+4 "
698,2 6 6 10,8.69,94.2%,9.14,3.63,"10+6+6+2, 10*6/2-6, 6*6-10-2 "
699,2 9 12 13,8.69,90.9%,9.08,3.89,"(13-9-2)*12, (13-9)*12/2 "
700,2 3 3 7,8.7,92.1%,9.03,3.68,"(7-3)*3*2, (7+3-2)*3, (7+2)*3-3 "
701,6 6 8 9,8.7,90.2%,9.01,3.66,"(6+6-9)*8, (8-6)*9+6 "
702,3 3 7 11,8.71,92.2%,9.02,3.66,"11+7+3+3, (3+3)*(11-7) "
703,3 11 12 12,8.71,91.4%,9.1,3.52,(11+3-12)*12 
704,2 4 6 6,8.72,94.1%,9.4,3.94,"(6+2-4)*6, (6+6)*(4-2), (6+6)*4/2, (6-4/2)*6, (6-4)*6*2, (6*2-6)*4 "
705,6 8 10 13,8.72,86.7%,8.84,3.93,(10+6-13)*8 
706,1 4 9 10,8.73,93.6%,9.13,3.73,10+9+4+1 
707,3 3 8 12,8.73,91.6%,9.24,4.01,"(3+3)*(12-8), (8-3-3)*12, (12-3*3)*8, (12-3)*8/3 "
708,2 9 10 11,8.74,88.8%,8.69,3.45,"(10+2)*(11-9), (11+10-9)*2 "
709,2 4 7 11,8.75,92.7%,9.13,3.87,"11+7+4+2, (4+2)*(11-7), (11+2-7)*4 "
710,5 5 8 8,8.76,84.8%,8.77,4.14,5*5-8/8 
711,1 6 10 13,8.77,88.1%,8.98,4.27,(13+1-10)*6 
712,2 4 6 9,8.78,92.1%,9.25,4.19,"(9-6)*4*2, (4-2)*9+6, 9*4/2+6, 9*4-6*2, (9-6/2)*4, (4/6+2)*9, 6/(9/4-2) "
713,1 3 4 10,8.79,93.2%,9.09,3.51,"(10-4)*(3+1), (10-3-1)*4, (3-1)*10+4 "
714,2 8 11 12,8.79,88.4%,9.02,4.31,(12+2-11)*8 
715,2 2 3 13,8.8,87.7%,8.87,3.8,(13+2-3)*2 
716,4 4 4 9,8.8,87.8%,8.79,4.15,(9-4)*4+4 
717,2 2 4 13,8.82,91%,9.3,4.22,"13*2+2-4, (4-2)*13-2, 13*4/2-2, 13*2-4/2 "
718,3 6 7 12,8.82,90.3%,9.12,3.97,"(6+3-7)*12, (12-6)*(7-3) "
719,1 2 3 11,8.83,95.6%,9.21,3.42,"(11-3)*(2+1), (11-2-1)*3, 11*2+3-1, (3-1)*11+2 "
720,1 2 5 13,8.83,94.5%,9.3,3.64,"(13-5)*(2+1), 5*2+13+1 "
721,3 7 7 13,8.83,93.5%,9.17,3.24,"13+7+7-3, (13-7)*(7-3) "
722,4 4 7 12,8.83,89.5%,9.14,4.28,"(12-4)*(7-4), (7-4)*4+12, (12-7)*4+4 "
723,4 5 8 12,8.84,93.5%,9.36,3.83,"(12-5-4)*8, 5*4+12-8, 8*5-12-4, (12-4)*(8-5), (8-5)*4+12, (12-8)*5+4 "
724,1 2 7 8,8.85,94.8%,9.32,3.6,"8*2+7+1, (7+1)*2+8, (7-1)*8/2 "
725,2 2 8 10,8.87,94.6%,9.4,3.33,"8*2+10-2, 10*2+8/2, (10*2-8)*2, (10-2)*2+8, (10/2-2)*8 "
726,4 4 4 11,8.87,86.2%,9,4.64,(11-4)*4-4 
727,4 6 10 12,8.88,93.9%,9.43,4.06,"12+10+6-4, (10-4)*6-12, 12*10/4-6, 12*10/6+4 "
728,2 3 5 9,8.9,92.2%,9.5,4.38,"(9-5)*3*2, 9*3+2-5, (5-2)*9-3, (9*5+3)/2 "
729,4 5 8 8,8.9,87%,9.04,4.22,"(5-8/4)*8, (8/8+5)*4 "
730,1 3 9 13,8.92,93.6%,9.52,4.19,13+9+3-1 
731,6 8 8 11,8.93,87%,9.09,4.15,(8+6-11)*8 
732,4 5 6 7,8.96,89.7%,9.33,4.08,"(7+5)*(6-4), (7+5-6)*4 "
733,1 3 4 7,8.97,95.1%,9.77,3.98,"7*4-3-1, (3+1)*7-4, 7*3+4-1, (4-1)*7+3 "
734,1 11 13 13,8.97,91.1%,9.24,3.92,"(13-1)*(13-11), (11/13+1)*13 "
735,2 4 10 13,8.97,89.2%,9.35,4.55,"(13-10)*4*2, (13+4)*2-10 "
736,5 5 9 10,8.97,86.9%,9.36,4.52,5*5+9-10 
737,6 6 9 11,8.97,88.8%,9.31,4.23,"(6+6)*(11-9), (9+6-11)*6 "
738,6 8 9 13,8.97,94%,9.55,3.96,"13+9+8-6, (9+8-13)*6 "
739,9 10 11 13,8.97,89.9%,9.27,3.91,"(13+11)*(10-9), (13-10)*11-9 "
740,2 4 9 9,8.98,90.2%,9.15,3.97,9+9+4+2 
741,2 9 10 13,8.99,90%,9.46,4.19,"10*2+13-9, (13+9-10)*2 "
742,4 8 9 11,8.99,92.8%,9.45,3.94,"(8+4)*(11-9), 11+9+8-4, (9+8-11)*4 "
743,1 2 9 13,9,93.2%,9.53,4.21,(13+9+2)*1 
744,3 9 9 10,9,86.7%,9,3.9,(9+9-10)*3 
745,3 4 7 7,9.01,94.3%,9.63,3.84,"7*3+7-4, 7*4+3-7, (7-3)*7-4, (7-4)*7+3 "
746,2 5 7 10,9.03,92%,9.35,3.76,"10+7+5+2, (10+2)*(7-5), (10+7-5)*2 "
747,2 3 7 11,9.04,92.3%,9.4,4.27,"(3+2)*7-11, 3*2+11+7, (11-7)*3*2, 11*3-7-2 "
748,4 11 12 13,9.04,91.3%,9.42,3.91,"(11+4-13)*12, 12*4-13-11, 12*4/(13-11) "
749,2 6 7 8,9.05,89.4%,9.32,4.09,"(7+2-6)*8, (8+7)*2-6 "
750,3 10 11 12,9.06,89.3%,9.22,3.77,(10+3-11)*12 
751,1 4 6 7,9.07,87%,9.21,4.77,"(7+1-4)*6, 4/(7/6-1) "
752,7 8 8 11,9.07,81%,8.5,4.57,(11-7)*8-8 
753,7 8 10 13,9.07,92.3%,9.58,4.17,13+10+8-7 
754,2 8 9 11,9.08,90.7%,9.5,4.04,"8/2+11+9, (11+9-8)*2 "
755,4 4 6 11,9.08,86.5%,9.06,4.64,(11-6)*4+4 
756,1 4 5 10,9.11,91.3%,9.27,3.7,"(10+1-5)*4, (10-4)*(5-1) "
757,4 8 8 12,9.11,94.2%,9.63,3.92,"12+8+8-4, 12*8/(8-4), (12-8)*4+8 "
758,1 2 4 5,9.12,90.6%,9.5,4.26,"(5+2-1)*4, (4+2)*(5-1) "
759,1 1 3 10,9.13,88.5%,9.15,3.93,(10-1-1)*3 
760,3 5 9 12,9.14,89.9%,9.42,4.09,"(5+3)*(12-9), (5-9/3)*12, (12+5-9)*3, (9-5)*3+12 "
761,1 5 5 9,9.15,88.6%,9.29,3.79,(5+1)*(9-5) 
762,1 5 6 8,9.17,90.5%,9.34,3.98,(8+1-5)*6 
763,1 2 6 11,9.18,89.8%,9.54,4.41,6*2+11+1 
764,2 3 4 13,9.18,91.2%,9.57,4.09,"4*2+13+3, (13+3-4)*2, (13-3)*2+4 "
765,4 5 5 9,9.18,91.6%,9.55,3.96,"5*4+9-5, (9-5)*5+4 "
766,3 5 6 9,9.2,92.8%,9.62,3.82,"(5+3)*(9-6), (5-3)*9+6, (6-3)*5+9, 6*5+3-9, (9-3)*5-6, (6+5)*3-9, (9+5-6)*3 "
767,4 4 8 10,9.2,91%,9.55,4.56,"(10+4-8)*4, (10-4)*(8-4), 10*8/4+4 "
768,5 5 6 7,9.2,91%,9.65,4.17,"5*5+6-7, 7*5-6-5 "
769,1 3 3 10,9.21,90.1%,9.32,4.15,"(10+1-3)*3, (10-1)*3-3 "
770,1 5 9 11,9.21,93.1%,9.71,3.99,11+9+5-1 
771,2 9 11 11,9.21,89.3%,9.46,4.13,"11*2+11-9, (11-9)*11+2 "
772,3 7 10 13,9.21,88.1%,9.67,4.89,"7*3+13-10, 10*3+7-13, (13-10)*7+3 "
773,1 4 6 9,9.22,86.2%,9.14,4.25,(9-4-1)*6 
774,2 2 3 6,9.22,91.8%,9.54,4.21,"(2/2+3)*6, (6-2)*3*2, (3*2-2)*6, (3*2+6)*2 "
775,2 2 5 6,9.22,88.6%,9.51,4.56,"(5-2/2)*6, (6+2)*(5-2), (6+5)*2+2 "
776,2 3 9 9,9.22,91%,9.64,4,"3*2+9+9, (9+2)*3-9, 9*2+9-3, (9/3+9)*2 "
777,4 7 10 10,9.22,83.8%,8.97,4.23,(7-10/10)*4 
778,2 5 8 13,9.23,93.1%,9.71,3.95,"(13-5*2)*8, 13+8+5-2, 8*2+13-5, (13+2)*8/5, (13-5)*2+8 "
779,6 6 8 10,9.23,90.4%,9.47,4.23,"(6+6)*(10-8), (8+6-10)*6 "
780,3 4 4 5,9.24,91.3%,9.66,4.25,"(5+4-3)*4, 4*4+5+3 "
781,1 2 4 9,9.25,91%,9.68,4.08,"(9-2-1)*4, (9+4-1)*2, (9+1)*2+4 "
782,2 2 5 7,9.26,89.2%,9.29,3.74,7*2+5*2 
783,3 5 6 7,9.26,89.7%,9.31,3.9,"(7+5)*6/3, (7+6-5)*3 "
784,1 3 5 10,9.27,93.2%,9.77,3.9,"10*3-5-1, 5*3+10-1 "
785,4 12 12 12,9.27,86.5%,9.6,4.94,"12*4-12-12, 12*12/4-12 "
786,5 7 8 8,9.27,82.4%,8.86,4.86,"(7-5)*8+8, (8+7)*8/5 "
787,6 8 12 12,9.27,91.4%,9.9,4.38,"(8+6-12)*12, 8*6-12-12, 12*8-12*6, (12-6)*(12-8), 12*12/8+6 "
788,6 6 8 11,9.28,82.9%,8.92,4.71,(11-8)*6+6 
789,1 3 8 8,9.29,86.9%,9.4,4.56,"(3+1)*8-8, (3-1)*8+8, (8+1)*8/3 "
790,5 6 6 10,9.29,89%,9.43,4.04,"(10-5)*6-6, (6+6)*10/5, (6-10/5)*6 "
791,2 11 12 13,9.31,89.6%,9.69,4.18,"(13+11-12)*2, (13+11)/2+12 "
792,3 9 10 12,9.32,90.1%,9.55,3.83,"(9+3)*(12-10), (9+3-10)*12 "
793,2 5 8 9,9.34,92.8%,9.69,3.83,"9+8+5+2, 9*8/(5-2), (8-2)*(9-5), (9+8-5)*2 "
794,2 8 8 10,9.34,93%,9.62,3.85,"10+8+8-2, (8-10/2)*8 "
795,5 10 10 12,9.34,87.3%,9.28,3.69,"12*10/(10-5), 10/5+12+10 "
796,4 5 10 13,9.35,91.5%,9.91,4.53,13+10+5-4 
797,4 4 9 11,9.36,82%,8.96,4.83,(11+4-9)*4 
798,4 5 9 13,9.36,89.1%,9.92,5.08,"5*4+13-9, (13-9)*5+4 "
799,2 3 6 10,9.37,92.4%,9.62,3.89,"(10-6)*3*2, (10-3*2)*6, (10+6)*3/2, (10+2)*6/3, (10-2)*(6-3), (6/3+10)*2 "
800,3 6 12 13,9.38,86.4%,9.33,4.57,(13+3-12)*6 
801,1 3 5 7,9.39,89.5%,9.68,4.19,"(7+5)*(3-1), (5+1)*(7-3) "
802,2 2 3 11,9.4,86.2%,9.38,4.25,(11+3-2)*2 
803,1 5 10 13,9.43,88.7%,9.43,3.56,(13-1)*10/5 
804,4 4 8 13,9.43,86.4%,9.3,4.52,"(4*4-13)*8, (13-8)*4+4 "
805,3 7 8 9,9.44,87.3%,9.44,4,(9+7-8)*3 
806,3 4 6 12,9.45,93.4%,9.94,3.98,"12*4*3/6, (12+6)*4/3, (6+3)*4-12, (6*3-12)*4, (12-4)*(6-3), (6-3)*4+12, (4-6/3)*12 "
807,2 3 4 11,9.47,87.9%,9.61,4.31,"(11-3-2)*4, (11+4-3)*2, (11+3)*2-4 "
808,6 6 8 13,9.47,83.2%,9.14,4.54,(13-8)*6-6 
809,3 7 7 10,9.48,89.5%,9.82,4.36,"7*3+10-7, (10-7)*7+3 "
810,2 2 5 11,9.49,87.6%,9.73,4.58,"(11-5)*(2+2), (11-5)*2*2 "
811,6 6 6 12,9.49,89.2%,9.65,4.62,"(6+6)*12/6, (6-12/6)*6 "
812,2 2 6 8,9.5,95.3%,9.91,3.55,"(8-2-2)*6, (8-2*2)*6, 8*2+6+2, (6+2)*2+8, (8+6-2)*2, (8-2)*(6-2) "
813,2 3 4 4,9.5,94.2%,9.92,3.65,"(3+2)*4+4, 4*4*3/2, (4-2)*4*3 "
814,2 3 8 12,9.5,93.4%,10.03,3.92,"(12-8)*3*2, (8-3*2)*12, 8*3/2+12, (8-2)*12/3, (12-8/2)*3, (12/2-3)*8, (8*3-12)*2, (12/3+8)*2 "
815,8 8 8 13,9.5,84.2%,9.44,4.41,(8+8-13)*8 
816,2 3 3 9,9.51,93.2%,9.95,3.87,"(3+2)*3+9, (9+2-3)*3, 9*2+3+3, (9-2)*3+3 "
817,7 12 12 13,9.53,82.6%,9.26,4.29,"12*12/(13-7), (13*12+12)/7 "
818,4 4 5 10,9.54,85.9%,9.6,4.95,"(10-5)*4+4, (10/5+4)*4 "
819,2 10 11 11,9.55,86.3%,9.46,4.06,(11+11-10)*2 
820,6 8 11 13,9.56,86.4%,9.82,4.75,"8*6-13-11, 8*6/(13-11) "
821,5 9 9 11,9.58,89.7%,9.88,3.92,11+9+9-5 
822,1 2 7 9,9.59,93.4%,10.09,3.93,"9*2+7-1, 7*2+9+1 "
823,5 7 8 9,9.59,88.5%,9.74,4.26,"(7+5-9)*8, 8*5-9-7 "
824,3 3 6 9,9.61,94.4%,10.26,4,"3*3+9+6, 6*3+9-3, 9*3+3-6, (6-3)*9-3, (9+3)*6/3, (9-3)*3+6 "
825,5 6 7 12,9.61,84.5%,9.56,4.45,"(7+5)*12/6, (7-5)*6+12 "
826,3 3 4 9,9.62,92.3%,9.96,3.91,"4*3+9+3, (9+3-4)*3, (9/3+3)*4 "
827,4 5 7 12,9.63,87.9%,9.6,4.07,"(5+4-7)*12, 12*4/(7-5) "
828,2 3 8 11,9.64,92.7%,10.23,4.05,"11+8+3+2, 8*2+11-3, (11-2)*8/3, (11-3)*2+8 "
829,3 5 5 9,9.65,83.4%,9.19,4.23,"(9-5/5)*3, (9/5+3)*5 "
830,3 9 11 12,9.66,90.4%,10.14,4.57,"(11-3)*(12-9), 12/3+11+9, (11+9-12)*3 "
831,5 8 9 12,9.66,92.2%,10.09,4.05,"12+9+8-5, 12*8/(9-5) "
832,6 6 6 8,9.66,91.5%,10,4.3,"(6+6)*(8-6), (6+6-8)*6 "
833,8 8 9 13,9.66,80.9%,9.16,5,(13-9)*8-8 
834,1 6 9 10,9.67,92.1%,10,3.9,"10+9+6-1, (10/6+1)*9 "
835,2 6 8 8,9.7,93%,10.13,4.17,"8+8+6+2, (6-2)*8-8, (8-8/2)*6 "
836,3 4 7 11,9.7,86.7%,9.54,4.76,"(11+7)*4/3, (11-3)*(7-4), (11+4-7)*3 "
837,3 3 6 11,9.72,90.2%,10.02,4.54,"11*3-6-3, (11+3-6)*3, (11-3)*(6-3) "
838,2 5 6 10,9.73,88.5%,9.91,4.69,"(5-2)*10-6, 10*6*2/5, (10+5)*2-6, (10/5+2)*6 "
839,3 8 9 12,9.73,90.2%,10.19,4.59,"(8+3-9)*12, (9-3)*(12-8) "
840,1 9 11 13,9.74,87.6%,9.86,4.22,(13-1)*(11-9) 
841,4 5 5 7,9.77,82.5%,9.28,4.4,(7-5/5)*4 
842,2 4 4 7,9.78,89.3%,9.87,4.44,"(7-4)*4*2, (7-2)*4+4 "
843,3 4 5 9,9.8,85%,9.6,4.71,"(5*3-9)*4, (9+4-5)*3 "
844,4 7 8 13,9.82,90.9%,10.35,4.48,"13+8+7-4, (13-7)*(8-4) "
845,5 11 12 12,9.85,82.6%,9.36,4.41,"12*12/(11-5), (12*11-12)/5 "
846,4 7 7 11,9.87,87.6%,9.98,4.81,"7*4+7-11, (11-7)*7-4 "
847,5 6 8 9,9.87,89.8%,10.14,4.45,"(8+5-9)*6, (9+6)*8/5 "
848,3 3 5 9,9.88,87.5%,9.89,4.18,"(3+3)*(9-5), (5+3)*9/3, (9+3)*(5-3), (9/3+5)*3 "
849,4 7 11 12,9.88,86.2%,9.99,5,(11+7-12)*4 
850,2 3 6 11,9.91,90.2%,10.2,4.51,"(11-3)*6/2, (11-6/2)*3, 11*2+6/3, 11*6/3+2 "
851,6 6 8 12,9.91,90.7%,10.22,4.36,"8*6*6/12, 12*6-8*6, (8-6)*6+12, (12+6)*8/6 "
852,4 5 7 11,9.92,87.1%,10.13,5.11,"5*4+11-7, (11-7)*5+4 "
853,3 4 6 10,9.94,90%,10.35,4.9,"6*3+10-4, 10*6/3+4, (10+4-6)*3, (10-4)*3+6 "
854,2 7 9 13,9.95,87.4%,10.1,4.91,"9*2+13-7, 13*2+7-9, (9-7)*13-2 "
855,3 3 7 9,9.95,90.9%,10.21,3.87,"7*3+9/3, (9-3)*(7-3), 9*7/3+3 "
856,3 5 9 13,9.95,91.5%,10.32,4.21,"13+9+5-3, (13-5)*9/3, (13*9+3)/5 "
857,3 3 3 9,9.96,84.1%,9.75,4.99,(9-3/3)*3 
858,5 7 9 13,9.96,91.2%,10.43,4.08,"13+9+7-5, (13-7)*(9-5) "
859,1 1 4 10,9.97,84.6%,9.66,5.23,(1+1)*10+4 
860,3 8 8 11,9.97,90.1%,10.09,4.56,11+8+8-3 
861,5 6 9 12,9.97,87.2%,10.05,4.37,"(6+5-9)*12, (12-6)*(9-5) "
862,2 4 5 9,9.99,86.4%,9.98,4.82,"(4+2)*(9-5), (9+2-5)*4, (9+5)*2-4 "
863,6 12 13 13,10,87.4%,10.01,3.8,13+13-12/6 
864,6 9 10 11,10.02,91.7%,10.32,4.15,"11+10+9-6, 10*9-11*6 "
865,1 5 5 11,10.07,87.8%,10.18,4.29,(11-5)*(5-1) 
866,1 7 12 12,10.07,80.4%,9.3,4.6,12*12/(7-1) 
867,2 2 4 9,10.07,90.6%,10.31,4.5,"9*2+4+2, (9+4)*2-2 "
868,1 2 5 10,10.08,91.9%,10.39,4.13,"10*2+5-1, 10*5/2-1 "
869,3 7 8 13,10.08,84.6%,10.07,5.21,"(13-7-3)*8, 13*3-8-7 "
870,2 3 9 13,10.11,87.7%,10.39,5.36,"(13-9)*3*2, (13-2)*3-9, (13*3+9)/2 "
871,4 9 9 10,10.11,89.8%,10.41,4.23,10+9+9-4 
872,1 5 6 13,10.12,90.7%,10.47,4.8,(13+6+5)*1 
873,2 4 6 13,10.14,87.3%,10.39,5.13,"13*2+4-6, (6-4)*13-2, (13-4)*2+6, 4/(13/6-2) "
874,4 4 5 7,10.16,85.1%,9.76,4.71,(7+4-5)*4 
875,2 3 4 10,10.19,92%,10.57,4.44,"10*3-4-2, (10+2-4)*3, (10-4/2)*3, 4*3+10+2, (4+3)*2+10 "
876,4 9 12 12,10.19,89.6%,10.56,4.49,"(12-4)*(12-9), 12/4+12+9, (12*9-12)/4, (12-9)*4+12 "
877,6 10 12 12,10.22,88.7%,10.51,4.63,"12/6+12+10, (12-10)*6+12 "
878,3 3 6 10,10.23,86.6%,10.09,4.39,"(3+3)*(10-6), (10-3-3)*6, (6*3-10)*3, (10-6/3)*3 "
879,1 8 10 11,10.24,87.2%,10.27,3.58,(11+1)*(10-8) 
880,6 7 9 12,10.24,86.2%,10.26,5.07,"(9+7-12)*6, (9-7)*6+12 "
881,2 4 5 11,10.26,87.2%,10.37,4.82,"4*2+11+5, (11+5-4)*2 "
882,4 5 6 10,10.27,90.5%,10.75,4.5,"5*4+10-6, 6*5+4-10, (10-4)*5-6, (10-6)*5+4 "
883,1 7 9 10,10.29,87%,10.17,4.04,(9-1)*(10-7) 
884,6 6 8 8,10.31,86.2%,10.1,4.65,8*6/(8-6) 
885,6 7 8 9,10.31,84.4%,10.06,4.58,8*6/(9-7) 
886,6 11 11 12,10.31,86.7%,10.14,4.1,12/6+11+11 
887,2 4 8 9,10.35,83.6%,9.99,4.52,(9-4-2)*8 
888,1 5 10 11,10.36,86.1%,10.15,3.79,(11+1)*10/5 
889,1 3 3 11,10.38,88.3%,10.33,4.82,(11-3)*3*1 
890,2 4 12 12,10.38,86.1%,10.3,4.8,"12*12/(4+2), 12*4-12*2, (12/2-4)*12, (12-12/2)*4 "
891,6 8 9 9,10.38,86.3%,10.43,4.37,"(9+9)*8/6, 9*8/(9-6) "
892,3 3 3 5,10.39,85.6%,9.94,4.3,5*3+3*3 
893,2 3 6 9,10.4,93.3%,10.89,4.26,"(9-3-2)*6, (6+2)*9/3, 6*2+9+3, (9-3)*(6-2), (3-2/6)*9, 9*6/2-3, 9*3-6/2, (9+6-3)*2 "
894,5 5 5 9,10.4,87.6%,10.22,4.26,9+5+5+5 
895,1 11 11 13,10.45,87.7%,10.35,4.33,"(11+1)*(13-11), (13/11+1)*11 "
896,4 9 11 12,10.45,88.1%,10.49,4.39,"(9+4-11)*12, 12*11/4-9, 12*4/(11-9) "
897,7 8 9 13,10.46,83.9%,10.11,4.41,(9+7-13)*8 
898,5 6 8 12,10.47,87.6%,10.51,4.18,"(12+8)*6/5, 12*6/(8-5), (5-12/6)*8 "
899,6 8 9 11,10.47,84.2%,10.3,4.92,8*6/(11-9) 
900,1 2 4 7,10.48,89%,10.77,5.08,"(7+1-2)*4, (7+4+1)*2 "
901,1 2 8 13,10.48,91.4%,10.72,4.82,13+8+2+1 
902,4 6 7 10,10.48,86.9%,10.61,4.94,"(6-4)*7+10, 7*4+6-10, (7-4)*10-6, (10-6)*7-4 "
903,3 4 8 11,10.49,87%,10.39,5.06,"(11+3-8)*4, 8*4+3-11, (11-3)*4-8, 8/(4-11/3) "
904,5 5 6 11,10.5,87.1%,10.48,4.78,"6*5+5-11, (11-5)*5-6 "
905,3 4 4 13,10.51,88.8%,10.57,4.42,"13+4+4+3, (13-4-3)*4 "
906,1 4 5 13,10.53,87.9%,10.69,4.66,(13-5)*(4-1) 
907,3 3 6 13,10.53,86.6%,10.73,5.48,"(13-3*3)*6, (13-3)*3-6, (13-6)*3+3 "
908,2 4 6 12,10.54,94.5%,11.26,4.82,"12+6+4+2, (4+2)*6-12, (4*2-6)*12, (12-4*2)*6, (4-2)*6+12, 6*4/2+12, (6+2)*12/4, (12-4)*6/2, (6*4-12)*2, 12/(2-6/4) "
909,2 6 12 12,10.54,89.2%,10.85,5.22,"12*6/2-12, 12/2+12+6, (12+6)*2-12, (12-6)*2+12 "
910,7 9 9 13,10.54,87.6%,10.57,4.69,13+9+9-7 
911,2 5 8 11,10.55,85.7%,10.65,5.28,"(11-5)*8/2, (11+5)*2-8 "
912,2 6 8 12,10.55,94.2%,11.26,4.52,"12+8+6-2, 12*8/(6-2), (8*2-12)*6, (8-2)*6-12, (12-6)*8/2, (6-8/2)*12, 8*6-12*2 "
913,3 6 9 11,10.55,86.6%,10.33,4.85,"(6-3)*11-9, (11-3)*(9-6), (11+6-9)*3, (11-6)*3+9 "
914,3 6 9 12,10.55,92.9%,10.98,4.22,"12*6*3/9, 12+9+6-3, (9+3)*12/6, (9-3)*6-12 "
915,1 5 9 13,10.57,84.7%,10.48,4.97,(5+1)*(13-9) 
916,3 4 6 11,10.58,88.9%,10.76,4.75,"11+6+4+3, (11-4-3)*6, 6/(3-11/4) "
917,1 7 9 11,10.61,85.9%,10.46,4.32,(11+1)*(9-7) 
918,5 5 8 10,10.63,80.5%,10.01,4.13,"(10+5)*8/5, (5-10/5)*8 "
919,1 3 5 9,10.64,90.8%,10.94,4.71,"(9-3)*(5-1), (5*3+9)*1, (5/3+1)*9 "
920,6 9 12 13,10.65,88.3%,10.75,4.43,"(9+6-13)*12, (12-6)*(13-9), 12/6+13+9 "
921,2 2 2 5,10.67,78.6%,9.52,4.99,(5*2+2)*2 
922,2 4 6 7,10.68,89.8%,10.77,4.41,"(6+2)*(7-4), 7*4+2-6, (6-2)*7-4, 7*2+6+4, 6/(2-7/4) "
923,4 4 6 13,10.68,82.7%,10,5.32,(13-6)*4-4 
924,1 3 6 11,10.7,88.1%,10.64,4.36,"(11+1)*6/3, (11-1)*3-6 "
925,5 6 8 10,10.7,87.1%,10.75,4.66,"8*6*5/10, 8*5-10-6, (8-5)*10-6 "
926,2 2 8 8,10.72,91.2%,11.05,4.81,"(2+2)*8-8, 8*2*2-8, (8-2)*8/2, (8/2+8)*2 "
927,4 7 9 13,10.73,84.5%,10.77,5.94,"7*4+9-13, (13-9)*7-4 "
928,4 5 6 8,10.74,87.3%,10.67,4.49,(5+4-6)*8 
929,4 5 7 9,10.74,87%,10.89,5.25,"7*4+5-9, (7-4)*5+9, 9*4-7-5, (9-5)*7-4 "
930,3 3 7 12,10.75,84.2%,10.47,5.47,"(3*3-7)*12, (12+3-7)*3, (7-3)*3+12 "
931,3 4 5 6,10.75,84%,10.54,5.38,(5+3-4)*6 
932,3 3 6 7,10.78,88.5%,11.05,4.8,"7*3+6-3, (6-3)*7+3, (7+3)*3-6 "
933,1 4 4 8,10.82,89.7%,10.97,5.58,"(8-1)*4-4, (4*4+8)*1 "
934,2 2 7 12,10.84,83.6%,10.45,4.73,7*2+12-2 
935,4 6 6 9,10.85,87.9%,11.08,5.55,"(6-4)*9+6, 9*4-6-6, (9-4)*6-6 "
936,5 8 11 12,10.85,87.1%,11.03,4.46,"(8+5-11)*12, (11+5)*12/8, (11-5)*(12-8) "
937,6 6 7 12,10.86,84.3%,10.56,5.02,"7*6-12-6, (12-7)*6-6 "
938,1 3 9 9,10.87,84.9%,10.44,4.22,(9-1)*9/3 
939,2 3 6 6,10.87,92.3%,11.34,4.46,"(3+2)*6-6, 6*6*2/3, (6+2)*(6-3), (6+3)*2+6, (6*3-6)*2, (6/3+2)*6 "
940,2 3 9 10,10.88,89.9%,11.11,4.45,"10+9+3+2, 10*3/2+9, (9*2-10)*3, (10-2)*9/3 "
941,4 5 10 12,10.89,86.4%,10.68,4.52,"12*5*4/10, (4-10/5)*12 "
942,6 7 8 11,10.91,83.9%,10.7,5.28,"(11+7)*8/6, (8+7-11)*6 "
943,1 2 3 13,10.92,91.6%,11.28,4.86,"13*2+1-3, (3-1)*13-2 "
944,1 2 7 11,10.92,88.3%,11.07,4.9,7*2+11-1 
945,2 5 10 10,10.93,78.7%,10.04,4.31,"(10+2)*10/5, (10/5+10)*2 "
946,6 9 9 11,10.97,82.2%,10.16,5.19,"(9-6)*11-9, (11-9)*9+6 "
947,6 7 10 12,11.01,85.4%,11,4.92,"12*7/6+10, 12*7-10*6, 12*6/(10-7) "
948,2 3 6 13,11.02,90%,11.2,4.64,"13+6+3+2, 13*2-6/3, 13*6/3-2 "
949,2 5 7 7,11.03,82.5%,10.55,4.76,5*2+7+7 
950,5 6 7 13,11.04,86.2%,11.01,5.65,"6*5+7-13, (13+7)*6/5, 7*6-13-5, (13-7)*5-6 "
951,6 11 12 13,11.05,79.8%,10.09,5.26,(13-11)*6+12 
952,3 4 6 8,11.06,90.5%,11.55,5.12,"(8-6)*4*3, (4*3-8)*6, (8+4)*6/3, (8-6/3)*4, (8/4+6)*3 "
953,5 10 12 13,11.06,83%,10.53,4.56,(10+5-13)*12 
954,1 4 4 11,11.07,86.5%,11.05,5.51,(11-4-1)*4 
955,1 7 10 13,11.07,83.6%,10.61,4.74,(7+1)*(13-10) 
956,1 2 6 10,11.1,86.6%,11.07,5.04,"(2+1)*10-6, (6+1)*2+10, (10-1)*2+6, (10/2-1)*6 "
957,1 9 10 13,11.16,83.9%,10.67,4.63,(9-1)*(13-10) 
958,1 3 8 13,11.21,90.2%,11.49,5.17,(13+8+3)*1 
959,1 2 2 9,11.22,82.4%,10.43,4.75,(9+2+1)*2 
960,1 6 6 6,11.23,85.9%,10.69,5.16,(6-1)*6-6 
961,3 3 4 11,11.24,88.5%,11.33,5.6,"3*3+11+4, (11-4)*3+3 "
962,4 4 8 12,11.24,92%,11.95,5.28,"12*4*4/8, 8*4+4-12, (4-8/4)*12, (12-4)*4-8 "
963,6 10 12 13,11.25,81.8%,10.66,5,12*6/(13-10) 
964,7 8 8 12,11.25,82.5%,10.68,4.66,(8+7-12)*8 
965,2 7 12 13,11.29,80%,10.4,5.27,"12/(7-13/2), (13-7)*2+12 "
966,3 4 9 13,11.32,78.9%,9.97,5.6,(13+4-9)*3 
967,2 4 5 6,11.35,91.1%,11.75,4.5,"6*5-4-2, (4+2)*5-6, 5*4+6-2, (6-2)*5+4, (5+4)*2+6 "
968,2 6 8 13,11.36,86.5%,11.25,5.25,"6/2+13+8, 13*2+6-8, (8-6)*13-2 "
969,3 5 7 10,11.36,84.7%,11.04,5.28,"(5+3)*(10-7), (5-3)*7+10, (10+5-7)*3 "
970,5 9 12 12,11.37,82.8%,11.12,4.95,"(9+5-12)*12, (12*9+12)/5 "
971,2 3 4 7,11.38,86.5%,11.17,4.99,"(7+2-3)*4, (4+2)*(7-3), (7+3)*2+4 "
972,2 2 5 12,11.39,84%,11.03,5.31,"5*2+12+2, 12/(5/2-2) "
973,3 3 9 12,11.4,87.1%,11.39,5.11,"12*3-9-3, (9+3)*3-12, (9-3)*12/3 "
974,2 3 4 9,11.42,88.3%,11.45,4.9,"9*4*2/3, (9+3)*(4-2), (9+3)*4/2 "
975,2 3 10 12,11.42,87%,11.55,4.29,"12*10/(3+2), 12*3-10-2, (10+2)*3-12, 10*2+12/3, (10*2-12)*3, (10/2-3)*12, 10*3-12/2 "
976,3 3 6 12,11.42,87.3%,11.64,5.96,"12+6+3+3, (3+3)*6-12 "
977,5 5 8 13,11.44,81.1%,10.9,4.61,"(13-5-5)*8, (13-5)*(8-5) "
978,2 6 7 11,11.46,82.7%,10.97,5.4,(11+7-6)*2 
979,5 8 10 11,11.46,87.5%,11.27,4.94,11+10+8-5 
980,1 5 6 7,11.53,89.4%,11.83,4.83,"6*5+1-7, (7-1)*5-6 "
981,2 4 6 8,11.53,93.5%,11.94,4.42,"8*6/(4-2), 8*6*2/4, 8*4-6-2, (6+2)*4-8, 6*2+8+4, (6-2)*4+8, (8/4+2)*6, (8+6)*2-4 "
982,5 8 8 8,11.55,81.1%,11,5.43,"8*5-8-8, 8*8-8*5 "
983,6 8 8 12,11.56,88.1%,11.72,5.1,"12*8/6+8, (8+8-12)*6 "
984,4 9 10 13,11.59,82.3%,11.09,4.95,"(10-4)*(13-9), (10+9-13)*4 "
985,7 7 8 11,11.59,79.9%,10.52,4.76,(7+7-11)*8 
986,3 4 6 6,11.6,90.6%,11.75,4.8,"4*3+6+6, 6*6-4*3, (6+4)*3-6, (6+6-4)*3 "
987,1 3 7 10,11.64,86.2%,11.57,5.45,"(3-1)*7+10, 10*3+1-7 "
988,2 4 9 12,11.64,87.1%,11.54,4.94,"(12-9)*4*2, (9*2-12)*4, 12/(9/2-4), (9*4+12)/2, (12/4+9)*2 "
989,2 3 3 10,11.66,85%,11.7,5.07,"10*3-3*2, (10/2+3)*3 "
990,4 4 5 11,11.67,85.2%,11.5,4.85,"11+5+4+4, 11*4-5*4 "
991,4 10 12 13,11.69,81.6%,10.92,5.77,"(12-4)*(13-10), (13-10)*4+12 "
992,2 4 4 6,11.71,90%,11.98,4.84,"(4*2-4)*6, 4*4+6+2, (4+4)*6/2, (6+4)*2+4 "
993,5 6 6 8,11.75,81.1%,11.06,6.23,(8-5)*6+6 
994,1 5 12 12,11.78,80.5%,10.73,5.12,12*12/(5+1) 
995,2 3 4 5,11.78,84.4%,11.28,5.67,"(5+3-2)*4, (5+4+3)*2 "
996,3 9 10 13,11.78,82.5%,11.66,6.73,"9*3+10-13, (13-10)*9-3 "
997,4 4 7 10,11.78,74.8%,9.55,4.77,(4+4)*(10-7) 
998,8 8 10 12,11.78,78.2%,10.35,5.98,(12-10)*8+8 
999,4 4 9 12,11.8,78.2%,10.65,5.02,"(4+4)*(12-9), (9-12/4)*4 "
1000,1 3 4 8,11.81,89.6%,12.03,4.84,"(3+1)*4+8, (8+1-3)*4, (8+4)*(3-1), 8/(4/3-1) "
1001,2 4 6 11,11.81,85%,11.47,5.65,"11*2+6-4, (6-4)*11+2, (11+4)*2-6, 4/(2-11/6) "
1002,2 2 8 9,11.82,86.7%,11.96,5.25,9*2+8-2 
1003,3 7 9 11,11.82,88.4%,11.96,4.87,"11+9+7-3, (9-3)*(11-7) "
1004,2 3 5 7,11.83,89.4%,11.92,4.97,"7*3+5-2, (5-2)*7+3, 5*3+7+2 "
1005,1 5 7 9,11.84,84.9%,11.36,4.97,(7-1)*(9-5) 
1006,1 4 7 7,11.85,85.1%,11.6,4.82,(7+1)*(7-4) 
1007,1 6 7 9,11.85,84.3%,11.5,4.8,(7+1)*(9-6) 
1008,1 3 7 12,11.86,85.4%,11.38,5.14,(7-1)*12/3 
1009,3 3 5 13,11.87,85.2%,11.6,4.83,"13+5+3+3, 13*3-5*3 "
1010,3 4 8 12,11.91,87.7%,11.83,5.67,"12*4/3+8, 12*4-8*3, 12*3-8-4, (8+4)*3-12, (12+4-8)*3, (8-4)*3+12 "
1011,3 6 7 13,11.91,82.5%,11.19,6.15,"6*3+13-7, (13-7)*3+6 "
1012,4 5 6 13,12.01,78.3%,10.62,5.22,(13-5-4)*6 
1013,7 8 10 10,12.03,78.9%,11.21,5.3,(10-8)*7+10 
1014,8 9 9 12,12.03,82.3%,11.23,4.86,9*8/(12-9) 
1015,4 5 5 10,12.04,81.7%,11.21,4.51,10+5+5+4 
1016,4 8 11 13,12.06,82.4%,11.22,5.49,"(8+4)*(13-11), (11+8-13)*4 "
1017,3 3 5 12,12.07,86.9%,12,5.39,"5*3+12-3, (12-5)*3+3 "
1018,1 4 8 9,12.09,88.7%,12.28,5.3,"9*8/(4-1), 8*4+1-9, (9-1)*4-8 "
1019,3 5 10 13,12.09,82.5%,11.27,5.48,"(5+3)*(13-10), 13*3-10-5, (13+5-10)*3 "
1020,3 4 6 9,12.13,82.6%,11.42,5.82,"(9+3-6)*4, (9+3)*(6-4) "
1021,4 6 7 12,12.13,81.5%,11.69,5.75,"12*6/(7-4), (7-12/4)*6 "
1022,2 7 9 11,12.17,83.4%,11.72,5.56,"11*2+9-7, (9-7)*11+2 "
1023,3 5 6 10,12.17,85.7%,11.94,5.67,"10+6+5+3, (10/5+6)*3 "
1024,3 5 7 9,12.17,86%,11.89,5.12,"9+7+5+3, 9*5-7*3, (5-7/3)*9, (9+3)*(7-5) "
1025,6 8 9 12,12.18,86.2%,12.07,5.23,"9*8/6+12, (9+6-12)*8 "
1026,5 5 8 12,12.2,79.2%,11.17,5.16,(5+5-8)*12 
1027,1 3 3 6,12.21,87.3%,12.19,5.22,"(6+3-1)*3, (6+1)*3+3 "
1028,1 3 7 7,12.22,85.2%,11.87,4.85,(7-1)*(7-3) 
1029,2 5 6 6,12.23,78.3%,10.7,6.22,"(5*2-6)*6, (5-2)*6+6 "
1030,2 5 8 10,12.24,82.2%,11.34,5.02,"(10-5-2)*8, (10-2)*(8-5) "
1031,3 7 8 11,12.29,83.1%,11.76,6.05,"7*3+11-8, (8-3)*7-11, (11-8)*7+3 "
1032,2 3 7 13,12.3,86.2%,12.1,5.45,"7*2+13-3, (13+2-7)*3 "
1033,2 6 10 13,12.3,84.8%,11.82,5.63,"(6+2)*(13-10), 10/2+13+6, (13-6)*2+10 "
1034,2 3 5 13,12.33,86.1%,12.24,5.44,"3*2+13+5, 13*2+3-5, (5-3)*13-2 "
1035,3 7 9 12,12.33,85.6%,12.07,5.72,"7*3+12-9, (7-3)*9-12, (12-7)*3+9, (12-9)*7+3 "
1036,6 7 9 9,12.34,80.5%,11.5,6.26,"7*6-9-9, (9+7)*9/6, (9-7)*9+6 "
1037,4 6 6 12,12.36,85.8%,12.14,6.15,"(6-4)*6+12, 12*6/4+6 "
1038,5 8 10 12,12.38,83.9%,11.65,5.31,(10+5-12)*8 
1039,1 5 8 11,12.39,89.3%,12.72,5.61,"(8-1)*5-11, (11+8+5)*1 "
1040,4 6 8 13,12.4,80.1%,11.29,5.27,(13-6-4)*8 
1041,4 8 8 10,12.41,85.6%,12.2,5.73,"(8+4)*(10-8), 10*4-8-8, 8*8-10*4, (8+8-10)*4 "
1042,2 4 4 10,12.49,89.9%,12.74,5.31,"(4-2)*10+4, 10*4/2+4, 4*4+10-2, (10+4)*2-4 "
1043,2 5 7 13,12.51,84.3%,12.2,5.85,"13*2+5-7, 7*5+2-13, (7*5+13)/2, (7-5)*13-2 "
1044,2 5 5 7,12.52,82.3%,11.95,5.09,7*2+5+5 
1045,7 8 9 10,12.54,79.4%,11.37,5.52,9*8/(10-7) 
1046,2 9 11 13,12.61,82.1%,11.92,5.74,"13*2+9-11, (11-9)*13-2 "
1047,3 3 3 11,12.61,78.7%,11.32,5.72,11*3-3*3 
1048,1 2 7 12,12.68,76.5%,10.48,6.01,(7-1)*2+12 
1049,6 9 9 12,12.73,86.8%,12.56,5.89,12+9+9-6 
1050,3 4 8 9,12.77,88.1%,12.81,5.29,"9+8+4+3, (4*3-9)*8, (9+3)*8/4, (9-3)*(8-4) "
1051,4 4 6 10,12.79,88.3%,12.74,5.32,"10+6+4+4, (6-4)*10+4 "
1052,4 8 9 13,12.79,82%,11.71,6.44,"8/4+13+9, (13-9)*4+8 "
1053,2 3 6 12,12.82,91.5%,13.23,5.38,"3*2+12+6, 6*3*2-12, 12*3/2+6, 12*3-6*2, (12+2-6)*3, (6-2)*3+12, (12-2)*3-6, 6*3+12/2, (12+3)*2-6, (12-3)*2+6 "
1054,2 5 7 11,12.88,82%,12.21,6.09,"11*2+7-5, (7-5)*11+2, (11*5-7)/2 "
1055,2 4 4 5,12.92,81.3%,11.87,5.49,"(5+2)*4-4, (5*2-4)*4, (4+4)*(5-2) "
1056,1 4 5 7,12.93,87.9%,12.84,5.38,"7*4+1-5, (5-1)*7-4 "
1057,4 8 12 12,12.94,85.8%,12.4,6.01,"(12+4)*12/8, (4-12/12)*8 "
1058,1 4 7 9,12.95,82.1%,12.17,5.19,(9-1)*(7-4) 
1059,2 5 11 12,12.97,77.1%,11.15,5.83,"12/(11/2-5), (11-5)*2+12 "
1060,7 7 9 10,12.98,75.7%,11.53,5.26,(9-7)*7+10 
1061,7 10 10 12,13.05,77.8%,11.81,5.69,(12-10)*7+10 
1062,4 4 7 8,13.06,83.9%,12.8,5.89,"7*4+4-8, (8-4)*7-4 "
1063,7 9 10 11,13.06,77.2%,11.51,5.72,"(10-7)*11-9, (11-9)*7+10 "
1064,3 4 9 9,13.08,84.6%,12.68,5.28,"(9+9)*4/3, 9*4-9-3, (9-9/3)*4, (9-4)*3+9 "
1065,4 6 9 13,13.12,85.6%,13.11,5.46,13+9+6-4 
1066,2 6 6 7,13.14,78.4%,11.38,5.97,"(7-6/2)*6, (7-2)*6-6, (7*6+6)/2 "
1067,2 4 5 7,13.17,77.9%,11.66,5.78,"(7+5)*(4-2), (7+5)*4/2 "
1068,4 9 10 11,13.17,76.2%,11.23,6,(11-9)*10+4 
1069,3 3 6 8,13.22,74.1%,10.93,5.97,"(3*3-6)*8, (6+3)*8/3 "
1070,4 4 6 9,13.23,76.8%,11.22,5.98,"(4+4)*(9-6), 9*4*4/6 "
1071,3 5 11 12,13.27,79.5%,11.81,5.82,(11-5)*12/3 
1072,3 5 6 11,13.28,82.9%,12.68,6.93,"(5*3-11)*6, 6*3+11-5, (11-5)*3+6 "
1073,3 3 3 4,13.29,82.1%,12.11,6.12,"(3*3-3)*4, (4+3)*3+3 "
1074,2 4 8 13,13.39,81.9%,12.55,6.11,"13*2-8/4, 13*8/4-2 "
1075,6 9 10 12,13.41,79.6%,12.08,6.28,"(10-6)*9-12, (12-9)*10-6, (12-10)*9+6 "
1076,2 5 10 13,13.43,82.4%,12.95,6.18,"10*5-13*2, 13*2-10/5, 13*10/5-2 "
1077,3 3 5 10,13.43,83%,12.48,5.45,"3*3+10+5, (10+3-5)*3, (3-3/5)*10 "
1078,3 3 9 13,13.44,74.4%,11.12,6.21,(3+3)*(13-9) 
1079,4 10 11 13,13.46,75.7%,11.25,6.09,(13-11)*10+4 
1080,1 5 8 13,13.5,80%,12.08,6.15,(13-8)*5-1 
1081,2 3 3 3,13.52,81.9%,12.38,6.1,"(3+3+2)*3, (3*3+3)*2 "
1082,1 4 5 9,13.58,81.9%,12.58,6.85,"(4-1)*5+9, (9-4)*5-1 "
1083,2 3 5 10,13.63,80.4%,12.44,5.6,"(10+2)*(5-3), (10+5-3)*2 "
1084,3 5 7 8,13.63,85.6%,13.38,6.2,"7*3+8-5, 7*5-8-3, (8-5)*7+3 "
1085,2 3 8 8,13.66,79.7%,12.39,6.11,"(8-3-2)*8, (8+8)*3/2, (8*2-8)*3 "
1086,5 6 10 12,13.66,75.6%,11.72,5.94,"10*6/5+12, (6-12/10)*5 "
1087,5 7 7 9,13.66,73.7%,11.57,5.34,(7+5)*(9-7) 
1088,4 7 10 12,13.67,79.1%,12.15,5.94,"(10+4)*12/7, (12-4)*(10-7), (10-7)*4+12 "
1089,2 2 2 7,13.81,72.2%,10.44,6.28,(7*2-2)*2 
1090,5 7 11 13,13.82,70.5%,10.57,5.62,(7+5)*(13-11) 
1091,5 5 7 10,13.84,74.1%,11.96,5.36,(7+5)*10/5 
1092,3 5 6 13,13.85,75.7%,11.89,5.88,(13-5)*(6-3) 
1093,4 4 6 8,13.85,83.2%,12.99,7.05,"(8+4-6)*4, (8+4)*(6-4) "
1094,1 4 6 6,13.91,80.1%,12.47,6.64,"(4+1)*6-6, (4-1)*6+6 "
1095,4 5 8 13,13.92,77.8%,12.14,6.24,"8*4+5-13, (13-5)*4-8 "
1096,1 4 5 8,13.96,82.1%,13.06,6,"(5+1)*(8-4), (5-1)*4+8 "
1097,4 4 5 12,13.96,79%,12.35,6.56,"(5+4)*4-12, (12-5)*4-4 "
1098,5 7 10 10,13.97,77.3%,12.68,5.62,10*7/5+10 
1099,5 9 10 13,14.05,77.9%,12.28,6.15,"10/5+13+9, (13-10)*5+9 "
1100,6 7 7 10,14.11,72.1%,11.31,5.55,(7+7-10)*6 
1101,7 10 11 13,14.11,73.7%,11.57,6.11,(13-11)*7+10 
1102,2 7 10 11,14.18,78.8%,12.91,6.41,"10*7/2-11, 10*2+11-7 "
1103,2 8 10 13,14.18,80.9%,13.22,6.34,"13*2+8-10, (10-8)*13-2 "
1104,6 9 11 12,14.18,74.8%,11.64,6.28,(11-9)*6+12 
1105,1 5 6 11,14.19,80.6%,12.73,6.84,"(6+1)*5-11, (11-6)*5-1 "
1106,4 10 10 12,14.19,77.7%,12.6,6.48,(12-10)*10+4 
1107,6 9 11 13,14.29,71.9%,11.01,6.45,(13-11)*9+6 
1108,6 8 11 12,14.32,77.5%,12.76,5.92,12*6/(11-8) 
1109,2 2 2 9,14.34,75.6%,11.68,6.75,(9+2)*2+2 
1110,1 1 6 9,14.38,80.3%,12.33,6.88,(1+1)*9+6 
1111,2 3 7 8,14.42,80.1%,13.29,5.85,"(7+2)*8/3, (8-2)*(7-3), (8+7-3)*2, 8/(7/3-2) "
1112,1 3 6 10,14.48,82%,12.82,6.99,(10*3-6)*1 
1113,3 3 9 11,14.5,79.3%,13.45,5.88,"(11-3)*9/3, (11-9/3)*3 "
1114,3 5 5 11,14.5,80.1%,13.47,5.67,11+5+5+3 
1115,1 3 7 9,14.55,80.3%,13.1,5.74,(7+1)*9/3 
1116,3 3 8 10,14.57,81.5%,13.85,5.76,"10+8+3+3, 8/(10/3-3) "
1117,3 8 9 11,14.65,79.4%,13.37,7.19,"9*3+8-11, (11-8)*9-3 "
1118,2 4 7 9,14.66,80.3%,13.64,6.51,"4*2+9+7, (9+7-4)*2 "
1119,2 10 12 13,14.75,81%,13.8,6.41,"13*2+10-12, (12+10)/2+13, (12-10)*13-2 "
1120,2 3 8 9,14.82,80.9%,13.5,6.63,"(9-3*2)*8, (9-3)*8/2 "
1121,3 5 9 9,14.83,78.7%,13.53,6.38,"9*5/3+9, (9-3)*(9-5) "
1122,2 2 5 9,14.84,73.4%,12.27,6.52,(9+5-2)*2 
1123,4 5 8 10,14.86,75.4%,12.18,6.27,"(8+4)*10/5, (4-8/5)*10, (8-10/5)*4, (8/10+4)*5 "
1124,2 4 9 10,14.87,79.4%,13.6,6.28,"9*2+10-4, 9*4-10-2 "
1125,3 5 12 12,14.92,67.9%,10.14,6.12,"12*5-12*3, (12*5+12)/3 "
1126,5 7 9 11,15.02,70.5%,11.45,6.05,(7+5)*(11-9) 
1127,5 5 9 11,15.03,71.5%,12.61,5.45,(11-5)*(9-5) 
1128,6 12 12 12,15.03,75.7%,12.4,7.08,12*12/(12-6) 
1129,2 5 9 10,15.1,77.7%,13.54,6.4,10*2+9-5 
1130,1 3 5 6,15.11,86.8%,14.73,6.03,"6*3+5+1, (5+1)*3+6 "
1131,4 6 9 12,15.16,77.1%,13.1,7.18,"(12+4)*9/6, (12-4)*(9-6), (9-6)*4+12 "
1132,2 2 3 4,15.19,77%,13.19,6.03,"(4+2+2)*3, (2*2+4)*3 "
1133,5 6 6 12,15.31,80.7%,14.09,6.38,"6*5+6-12, 12*5-6*6, (12-6)*5-6 "
1134,3 3 4 13,15.35,75.9%,12.86,7.12,(13-4)*3-3 
1135,4 4 4 10,15.37,76.6%,13.2,6.54,"10*4-4*4, (4*4-10)*4 "
1136,3 4 7 12,15.38,82.4%,14.64,6.53,"7*3+12/4, 12*7/3-4, 7*4-12/3, 12*7/4+3 "
1137,3 4 10 10,15.43,75.1%,13.42,6.34,10*3+4-10 
1138,3 6 8 13,15.44,81.9%,14.88,6.52,13+8+6-3 
1139,2 6 9 12,15.45,82.8%,14.42,6.84,"(6+2)*(12-9), (6-2)*9-12, 6/2+12+9, 9*2+12-6, 12/(2-9/6) "
1140,6 7 10 10,15.51,69.8%,11.57,6.45,(10-7)*10-6 
1141,5 9 9 12,15.53,75.8%,13.77,6.95,"9*5-12-9, (9-5)*9-12, (12-9)*5+9 "
1142,2 6 12 13,15.54,78.1%,14,6.19,"13*2-12/6, 12/(13/2-6), 13*12/6-2 "
1143,2 2 5 10,15.61,78.2%,14.07,6.04,"(5+2)*2+10, (10-2)*(5-2), (2/5+2)*10, (10*5-2)/2 "
1144,3 6 8 12,15.65,80.1%,14.32,6.33,"(12-6-3)*8, (8-12/3)*6 "
1145,1 5 11 12,15.71,71%,11.95,6.31,(11-1)*12/5 
1146,3 3 9 10,15.71,77.7%,14.15,6.48,10*3+3-9 
1147,3 4 4 11,15.75,76%,13.45,6.83,4*4+11-3 
1148,3 4 4 10,15.9,76.1%,12.86,7.13,(10-3)*4-4 
1149,3 6 6 13,15.94,72.5%,12.79,6.96,"(13-6-3)*6, (13*6-6)/3 "
1150,2 4 10 11,15.95,79.5%,14.53,6.58,"11*4-10*2, (11-10/2)*4, (11-4)*2+10 "
1151,6 10 10 13,15.97,68.5%,11.67,6.47,(13-10)*10-6 
1152,2 5 9 11,16,76.6%,14.01,7.42,"(5-2)*11-9, 9*2+11-5, (9-2)*5-11 "
1153,2 2 7 7,16.01,69.7%,11.92,6.34,(7+7-2)*2 
1154,2 5 8 8,16.07,71.5%,12.28,6.88,"8*5-8*2, (8*5+8)/2 "
1155,3 6 11 13,16.12,72.2%,12.13,7.17,(13+6-11)*3 
1156,4 7 8 12,16.13,79%,14.56,7.03,"7*4+8-12, (12-8)*7-4 "
1157,4 5 8 11,16.23,72.6%,12.84,7.41,"(11-5)*(8-4), (11+4)*8/5 "
1158,5 5 5 12,16.23,66.9%,10.69,6.48,(5+5)*12/5 
1159,5 7 8 10,16.26,70.2%,12.79,6.1,(7+5)*(10-8) 
1160,2 5 5 9,16.29,78.7%,14.86,6.17,"5*2+9+5, (5-2)*5+9 "
1161,5 7 12 12,16.29,65.8%,10.85,6.38,12*7-12*5 
1162,1 4 4 6,16.32,79.7%,14.36,7.06,"(6+1)*4-4, (6-1)*4+4 "
1163,2 6 11 12,16.46,77%,14.59,6.73,"11*2+12/6, 12/(6-11/2), 12*11/6+2 "
1164,7 9 12 12,16.46,63.8%,9.94,5.91,12*9-12*7 
1165,2 3 8 10,16.61,81.7%,15.66,6.84,"3*2+10+8, 10*3+2-8 "
1166,5 6 9 13,16.69,69%,12.75,6.24,(13-5)*(9-6) 
1167,2 6 10 11,16.71,73.9%,13.8,7.08,"6/2+11+10, (11+6)*2-10 "
1168,4 4 5 13,16.73,72.2%,12.95,7.67,4*4+13-5 
1169,4 6 8 10,16.85,75.8%,13.72,8.18,"(8-6)*10+4, (10-6)*4+8 "
1170,7 7 7 12,16.87,64.1%,9.63,6.4,(7+7)*12/7 
1171,2 3 6 7,16.94,81%,15.63,6.96,"7*6/2+3, 7*3+6/2, (7*2-6)*3 "
1172,5 5 6 8,16.96,78.8%,15.29,6.73,8+6+5+5 
1173,4 5 7 13,16.98,72.2%,13.22,6.64,"(13-5)*(7-4), (13*7+5)/4 "
1174,1 3 8 10,17.01,70.7%,12.97,6.9,(10-1)*8/3 
1175,1 3 12 13,17.05,75.5%,14.49,7.32,"12*3+1-13, (13-1)*3-12 "
1176,3 3 8 13,17.05,68.7%,12.07,6.66,(13+3-8)*3 
1177,1 5 5 10,17.12,70.7%,12.68,7.57,(10-5)*5-1 
1178,3 10 11 13,17.22,71%,13.98,6.7,"(11-3)*(13-10), (11+10-13)*3 "
1179,1 4 10 12,17.53,71.8%,13.42,7.13,"12*10/(4+1), (10-1)*4-12, 4/(1-10/12) "
1180,4 9 9 12,17.53,71%,14.01,6.83,"(9+9-12)*4, (4-12/9)*9 "
1181,2 3 7 7,17.57,76.8%,15.74,6.84,7*2+7+3 
1182,3 9 9 13,17.62,67.5%,12.87,6.54,(9-3)*(13-9) 
1183,1 3 11 12,17.63,75.4%,15.05,7.59,"12*3-11-1, (11+1)*3-12 "
1184,2 2 6 7,17.71,72.4%,14.06,7.52,"(7+2)*2+6, (7+6)*2-2 "
1185,2 7 10 10,17.78,68.2%,14.08,6.21,"(10-2)*(10-7), (10+7)*2-10 "
1186,2 6 6 9,17.8,72.4%,13.91,6.91,"(6+2)*(9-6), (9+6)*2-6, (9*6-6)/2 "
1187,6 6 9 10,17.85,69.9%,14.09,7.31,"(9-6)*10-6, (10+6)*9/6 "
1188,2 3 7 10,17.9,77.1%,15.56,7.11,"10*2+7-3, (10*7+2)/3 "
1189,6 10 11 12,17.91,69.2%,13.81,6.76,12*10/(11-6) 
1190,2 4 4 9,17.98,72.9%,14.12,7.84,(9-2)*4-4 
1191,6 8 9 10,18.01,70.9%,13.78,7.71,(10-8)*9+6 
1192,6 6 6 10,18.09,65.7%,12.05,6.82,10*6-6*6 
1193,2 2 9 12,18.25,72.8%,15.6,6.77,"(2+2)*9-12, 9*2*2-12, 9*2+12/2 "
1194,4 7 8 11,18.25,67.5%,11.89,7.4,(11-7)*4+8 
1195,5 7 7 10,18.28,67.8%,14.03,7.11,(7-5)*7+10 
1196,10 12 12 12,18.42,64%,11.04,6.3,12*12-12*10 
1197,3 8 9 13,18.48,74.2%,16.11,7.5,"9/3+13+8, (13-8)*3+9 "
1198,3 5 7 12,18.52,71.4%,14.78,8.04,"(7+3)*12/5, 12*3-7-5, (7+5)*3-12 "
1199,3 5 8 9,18.59,75.6%,16.44,7.84,"9*3+5-8, (8-5)*9-3 "
1200,2 6 8 9,18.64,73%,15.73,6.87,"(6*2-9)*8, 9*8*2/6 "
1201,2 8 10 12,18.67,80.2%,17.21,7.91,"10*2+12-8, 12/2+10+8, (10+8)*2-12 "
1202,8 8 8 11,18.71,62.9%,11.08,6.5,11*8-8*8 
1203,4 5 6 9,18.93,75.5%,16.89,7.15,9+6+5+4 
1204,3 5 12 13,18.99,68.4%,14.94,6.82,"(5*3-13)*12, (13-3)*12/5 "
1205,2 6 9 10,19.09,69.7%,15.19,6.95,"(10-2)*(9-6), (9-10/2)*6 "
1206,3 9 9 11,19.22,69.6%,14.71,7.88,"(9+3)*(11-9), 11*9/3-9 "
1207,8 10 12 13,19.25,67.2%,14.93,6.74,12*10/(13-8) 
1208,3 4 8 13,19.33,69.5%,14.53,8.31,"(13-4)*8/3, 8/(13/3-4) "
1209,3 6 8 10,19.49,65.6%,12.79,7.32,(10+6-8)*3 
1210,2 7 10 12,19.57,70.8%,16.12,7.07,"12*10/(7-2), 10/2+12+7, (7-10/2)*12 "
1211,2 4 7 8,19.71,76.5%,17.46,7.61,"(7*2-8)*4, 8*7/2-4, 7*4-8/2 "
1212,2 6 7 10,19.71,69.4%,13.89,7.74,"(6+2)*(10-7), (7*2-10)*6 "
1213,2 2 9 10,19.9,65.5%,14.88,7.61,(9-2)*2+10 
1214,4 8 9 12,20.11,72.5%,17.18,7.3,"9*8*4/12, (8-4)*9-12, 9*8-12*4 "
1215,2 3 10 10,20.16,69%,15.13,7.79,(10-3)*2+10 
1216,9 9 9 12,20.17,62.9%,10.81,7.42,(9+9)*12/9 
1217,1 3 3 8,20.32,73.7%,16.4,8.03,"(8+1)*3-3, (8-1)*3+3 "
1218,2 2 4 4,20.78,71.1%,15.75,8.52,"(4*2-2)*4, (4*2+4)*2 "
1219,1 5 7 10,20.87,70.1%,16.84,7.99,"7*5-10-1, (7/5+1)*10 "
1220,2 3 11 11,20.91,67.6%,15.89,7.95,11*3+2-11 
1221,8 10 12 12,21.01,63.4%,12.14,7.79,"(12+8)*12/10, 12*10-12*8 "
1222,6 8 8 9,21.04,62.7%,12.35,7.49,"9*8-8*6, (8+8)*9/6 "
1223,1 3 8 11,21.37,73.2%,17.58,8.47,11*3-8-1 
1224,3 5 9 10,21.38,67.4%,15.59,8.34,"(9+3)*10/5, (10-5)*3+9 "
1225,2 2 4 12,21.4,75%,16.78,9.89,"(4+2)*2+12, (12+2)*2-4, (12-2)*2+4 "
1226,5 9 12 13,21.45,64.4%,16.37,7.5,"(13+5)*12/9, (13-5)*(12-9) "
1227,3 6 9 13,21.63,69.5%,17.91,8.07,"6/3+13+9, (13+3)*9/6, 13*3-9-6 "
1228,4 4 8 9,21.72,69.6%,17.46,8.57,9*4-8-4 
1229,9 11 12 12,21.98,58.7%,11.28,6.74,12*11-12*9 
1230,2 3 5 8,21.99,73.7%,18.68,8.07,"8*2+5+3, (5+3)*2+8, 8/(2-5/3) "
1231,6 8 10 11,22.08,63.5%,14.69,7.91,(11-8)*10-6 
1232,7 8 8 10,22.08,60.8%,13.16,8.52,10*8-8*7 
1233,3 3 7 8,22.09,69.2%,17.76,8.42,3*3+8+7 
1234,3 5 10 11,22.14,68.7%,16.87,8.83,"10*3+5-11, (10-3)*5-11 "
1235,1 2 8 10,22.31,66.8%,16.01,8.21,(8-1)*2+10 
1236,1 6 10 12,22.56,65.2%,15.16,8.56,12*10/(6-1) 
1237,2 3 3 5,22.58,69.3%,16.73,8.98,"(5+2)*3+3, (5*3-3)*2 "
1238,2 7 12 12,22.69,61.7%,13.15,8.03,"(7*2-12)*12, (12+2)*12/7 "
1239,2 3 9 12,22.75,65.6%,14.19,8.3,(9-3)*2+12 
1240,2 4 5 10,23.15,68.1%,17.82,8.45,5*2+10+4 
1241,2 9 10 10,23.19,61.8%,17.42,7.88,10/2+10+9 
1242,3 5 7 11,23.22,63.8%,15.52,8.55,"(11-5)*(7-3), (11*7-5)/3 "
1243,4 5 7 10,23.41,63.2%,15.56,8.55,(7-5)*10+4 
1244,5 7 10 13,23.49,61.5%,17.06,7.76,(13-5)*(10-7) 
1245,5 9 11 13,23.68,61.5%,16.94,7.78,(11-5)*(13-9) 
1246,2 3 6 8,23.82,75.5%,20.71,8.95,"(8+2)*3-6, 6*3+8-2, (8-2)*3+6 "
1247,10 10 10 12,24.12,59.2%,11.58,7.99,(10+10)*12/10 
1248,1 5 9 12,24.73,62.7%,14.95,9.19,"(5-1)*9-12, (9+1)*12/5 "
1249,3 4 5 13,24.86,66.1%,18.88,8.85,"(13+5)*4/3, 5*3+13-4 "
1250,4 10 11 12,25.09,63.1%,17.78,8.99,12/4+11+10 
1251,5 7 9 10,25.64,61.4%,16.9,9.49,(10-7)*5+9 
1252,4 9 10 12,26.14,62.1%,17.62,9.49,12*10/(9-4) 
1253,6 6 7 11,26.16,58%,14.08,8.71,11*6-7*6 
1254,2 5 10 12,26.24,64.3%,18.98,9.32,"(12+5)*2-10, (12-5)*2+10 "
1255,2 2 6 11,26.72,61.9%,19.4,9.25,(11-2)*2+6 
1256,5 6 6 9,26.76,59.2%,15.08,9.22,9*6-6*5 
1257,8 9 11 11,26.84,57.9%,17.05,9.1,(11-8)*11-9 
1258,8 8 9 12,26.85,56.5%,13.48,8.06,12*8-9*8 
1259,2 2 5 8,26.86,62.9%,17.42,9.4,(8+5)*2-2 
1260,3 4 4 4,26.94,66.6%,19.43,10.67,(4+3)*4-4 
1261,2 4 5 5,27.07,59.4%,16.25,8.88,(5+5)*2+4 
1262,5 6 7 9,27.75,59.8%,16.83,9.43,(7-5)*9+6 
1263,4 7 8 10,28.11,62.2%,19.91,9.81,8*7/4+10 
1264,3 4 7 8,28.44,59.7%,15.69,9.04,(7-3)*4+8 
1265,3 9 11 13,28.63,56.9%,14.83,8.97,(9+3)*(13-11) 
1266,3 5 10 10,28.66,53.5%,13.79,7.73,(10-10/5)*3 
1267,3 4 5 11,29.13,63.4%,21.36,10.43,"(4+3)*5-11, 11*3-5-4 "
1268,2 3 13 13,29.14,58.4%,19.03,10.21,13*3-13-2 
1269,1 4 9 13,29.16,61.2%,20.03,10.6,9*4+1-13 
1270,4 10 10 11,29.26,54.5%,19.96,9.39,11*4-10-10 
1271,1 7 12 13,29.67,55.2%,15.92,9.67,(13+1)*12/7 
1272,2 6 9 9,30.4,56.8%,15.8,9.28,"(9+9-6)*2, (6/9+2)*9 "
1273,3 3 6 6,31.22,57.2%,15.51,9.38,(6/3+6)*3 
1274,2 5 12 13,31.73,58.3%,22.37,10.04,"12/2+13+5, (13+5)*2-12 "
1275,4 4 7 13,31.75,53.6%,15.75,9.66,13*4-7*4 
1276,4 5 9 12,31.9,59.6%,23.6,10.97,"12*5/4+9, 12*5-9*4 "
1277,6 6 9 13,32.21,53.5%,14.41,9.26,13*6-9*6 
1278,2 3 7 9,32.32,58.2%,19.34,10.85,"(9+7)*3/2, (7-2)*3+9, (7*3-9)*2 "
1279,2 2 7 10,33.07,53.1%,17.64,9.69,(10/2+7)*2 
1280,3 6 7 10,34.07,57.5%,22.85,10.96,7*6/3+10 
1281,1 4 6 10,34.44,55.6%,20.49,10.37,(4-1)*10-6 
1282,1 2 7 7,34.95,54.5%,18.41,10.93,(7*7-1)/2 
1283,2 5 8 12,35.65,54.4%,19.02,10.69,"(5*2-8)*12, (8+2)*12/5 "
1284,2 5 7 9,35.67,53.4%,24.21,10.63,7*5-9-2 
1285,6 7 11 11,35.8,47.5%,20.81,10.55,(11-6)*7-11 
1286,3 8 10 12,36.47,53.6%,21.38,11.19,12*10/(8-3) 
1287,2 2 3 10,36.56,54.3%,18.98,10.93,(10+3)*2-2 
1288,2 4 7 7,36.66,51%,18.01,9.94,(7+7)*2-4 
1289,4 7 9 11,37.6,52.1%,23.65,11.51,"(7-4)*11-9, (9-4)*7-11 "
1290,7 9 11 12,39.02,49.8%,19.2,11.3,"(11+7)*12/9, (11-7)*9-12 "
1291,2 2 6 9,39.56,50.8%,19.42,11.07,"(6/2+9)*2, (9*2-6)*2 "
1292,5 5 8 11,40.08,47.1%,25.53,11.68,8*5-11-5 
1293,2 2 3 5,41.26,50.8%,16.31,9.58,(5*2-2)*3 
1294,3 6 6 10,41.74,49.9%,19.98,11.6,(6-3)*10-6 
1295,1 5 11 11,44.24,43.3%,17.55,10.71,(11*11-1)/5 
1296,7 8 9 12,44.49,47.9%,17.13,10.6,"(12+9)*8/7, (9+7)*12/8 "
1297,5 10 10 11,47.01,41%,15.95,7.96,(11*10+10)/5 
1298,4 9 11 11,47.43,44.5%,26.56,14.54,11*4-11-9 
1299,1 5 5 5,47.97,43.5%,13,8.1,(5-1/5)*5 
1300,1 2 9 11,48.61,44.6%,24.31,13.44,(2+1)*11-9 
1301,5 9 10 11,49.04,43.3%,29.58,14.3,9*5-11-10 
1302,6 7 7 11,49.7,43.1%,29.01,15.31,7*6-11-7 
1303,1 7 13 13,49.75,40.8%,15.49,9.69,(13*13-1)/7 
1304,5 10 10 13,53.3,38.7%,18.13,8.57,(13*10-10)/5 
1305,8 9 10 12,53.31,42.9%,23.63,14.71,"(10+8)*12/9, 12*10/8+9 "
1306,3 5 8 13,54.08,42.6%,31.72,15.12,8*5-13-3 
1307,2 5 6 9,54.71,44.5%,28.77,14.38,6*5/2+9 
1308,3 3 7 7,55.32,40.1%,13.99,8.62,(3/7+3)*7 
1309,1 6 11 13,57.73,37.7%,20.45,11.41,(13*11+1)/6 
1310,4 6 6 10,58.41,39.9%,23.9,13.23,(10+6)*6/4 
1311,1 3 9 10,59.31,40.9%,24.84,13.64,(10+1)*3-9 
1312,4 4 7 7,59.8,38.6%,16.33,9.52,(4-4/7)*7 
1313,4 5 6 12,61.02,43.7%,22.28,16.21,(6+4)*12/5 
1314,5 7 9 12,61.29,39.7%,19.05,12.2,(9+5)*12/7 
1315,4 6 7 9,61.62,41.6%,21.16,13.12,(9+7)*6/4 
1316,4 7 11 13,63.33,37.4%,32.57,17.04,11*4-13-7 
1317,4 5 6 11,63.68,38.1%,20.86,11.92,(11+5)*6/4 
1318,5 7 10 11,64.98,36.2%,24.8,14.03,(10-5)*7-11 
1319,5 8 9 13,65.12,36.6%,35.37,17.03,9*5-13-8 
1320,2 2 11 11,65.54,39.1%,14.58,9.78,(2/11+2)*11 
1321,3 4 6 13,65.55,39.9%,21.46,12.53,"(13+3)*6/4, 6/(13/4-3) "
1322,4 4 10 10,66.37,39.2%,14.58,9.91,(10*10-4)/4 
1323,3 5 8 12,66.47,38.2%,28.89,14.32,"(5*3-12)*8, (12+3)*8/5 "
1324,2 4 11 12,67.74,39.6%,25.73,14.92,(11-2)*4-12 
1325,7 10 12 13,68.3,37.5%,23.25,13.55,(13+7)*12/10 
1326,6 7 8 12,68.33,40%,18.75,13.44,(8+6)*12/7 
1327,6 12 12 13,69.33,36.7%,16.27,9.34,(13*12-12)/6 
1328,2 2 13 13,71.21,36.5%,16,9.85,(2-2/13)*13 
1329,5 6 8 13,71.22,36%,24.24,12.91,(13+5)*8/6 
1330,1 4 7 11,74.72,36%,31.98,17.54,(4+1)*7-11 
1331,6 11 12 12,74.73,35%,16.95,10.13,(12*11+12)/6 
1332,2 7 8 9,75.69,38.8%,19.91,12.36,(9+7)*2-8 
1333,5 6 9 11,77.03,33.4%,27.84,15.74,"(11+9)*6/5, (11+5)*9/6 "
1334,2 2 6 13,77.71,33.1%,32.25,17.61,(13+2)*2-6 
1335,6 9 9 10,79.32,32.5%,35.45,19.77,10*9/6+9 
1336,4 8 8 13,88.2,29.8%,25.89,15.4,(13*8-8)/4 
1337,7 8 8 13,89.07,29.4%,28.24,16.22,(13+8)*8/7 
1338,2 5 7 8,90.46,33%,28.82,16.54,(5*2-7)*8 
1339,5 7 7 11,92.48,27.5%,26.83,13.56,(5-11/7)*7 
1340,3 3 7 13,93.68,27.4%,33.84,19.66,(7*3-13)*3 
1341,2 7 7 10,94.8,27.4%,28.63,14.29,(10/7+2)*7 
1342,3 8 8 10,96.93,28.9%,28.22,18.17,(10*8-8)/3 
1343,5 5 7 11,97.28,26.5%,28.12,15.24,(7-11/5)*5 
1344,2 2 10 11,97.8,30.7%,27.27,17.87,(11*2-10)*2 
1345,2 3 8 13,101.06,31.1%,25.16,14.25,(13+3)*2-8 
1346,9 11 12 13,101.46,29.1%,23.32,14.16,(13+9)*12/11 
1347,4 8 8 11,101.99,29.5%,25.13,15.54,(11*8+8)/4 
1348,1 8 12 12,105.21,28.9%,22.94,14.48,12/(12/8-1) 
1349,7 8 10 11,106.93,29.5%,26.44,16.05,(11+10)*8/7 
1350,2 9 13 13,110.69,25.3%,32.32,20.1,(13+9)/2+13 
1351,3 3 5 7,111.86,29.1%,31.16,20.08,(5*3-7)*3 
1352,3 7 9 13,113.44,26.1%,40.76,22.03,"9*7-13*3, (7-13/3)*9 "
1353,3 6 6 11,116.34,26.9%,27.28,17.26,(11*6+6)/3 
1354,2 4 10 10,119.64,25.5%,30.74,19.99,(4/10+2)*10 
1355,2 4 7 12,121.24,27.1%,31.98,19.3,"(7+2)*4-12, 12/(4-7/2) "
1356,1 6 6 8,124.94,27.9%,24.22,15.4,6/(1-6/8) 
1357,3 5 7 13,125.59,23.7%,41.21,22.66,(13*5+7)/3 
1358,3 3 8 8,131.38,29.9%,16.63,11.58,8/(3-8/3) 
1359,1 4 5 6,182.06,28.6%,20.37,13.91,"6/(5/4-1), 4/(1-5/6) "
1360,2 5 5 10,199.6,21.4%,24.86,17.63,(5-2/10)*5 
1361,1 3 4 6,203.84,26.8%,21.76,14.2,6/(1-3/4) 
1362,2 3 5 12,212.42,20.1%,31.15,23.49,12/(3-5/2) 
